25 100
7
100 5 6
2000 0 1 30
1000 1 3 70
4000 3 4 40
3000 3 1 50
7000 2 1 60
5000 0 2 40
400 0 4 30
400 3 1 0
300 1000
400 1 4 -1
200 9000 1 3 20
400 0 4 20
30
100 10 20
343235942 9 3 63
511588076 3 6 305
103497954 6 0 211
956612808 0 7 257
588911646 7 5 355
33727076 5 4 1
88489754 4 8 235
527630784 8 1 257
106424790 1 2 315
392166108 2 9 457
538766930 2 1 177
837716110 8 7 283
34689228 2 5 287
794963624 0 5 33
929199098 0 9 317
214614198 6 1 441
214206318 0 1 417
749508458 4 5 55
112136364 4 1 363
372776996 0 3 13
400 6 3 198
300 511588076
200 468395384 8 5 17
300 527630784
300 214614198
200 286635611 5 6 118
300 794963624
200 557864638 2 7 187
400 8 3 198
200 339056764 4 9 5
200 418160571 5 2 166
200 61151304 6 5 351
200 283217377 7 0 64
300 339056764
300 392166108
200 267811282 6 3 377
200 808500675 7 6 274
200 918533680 6 9 391
200 267470401 9 8 296
200 606753846 6 7 341
300 929199098
200 567123765 9 0 164
300 283217377
200 798444800 8 3 153
200 223402459 1 6 10
200 577054696 8 9 167
400 6 9 0
200 235561468 4 7 221
400 8 5 0
50
100 20 30
551151321 17 1 302
650753303 1 11 304
467127941 11 19 326
757337251 19 13 92
237498097 13 9 274
534401263 9 15 128
269986333 15 6 286
805553147 6 0 428
629192201 0 4 2
681362887 4 10 440
651452597 10 7 378
17621587 7 8 24
580088865 8 12 34
450365343 12 18 64
24007245 18 3 466
471572395 3 5 348
986820921 5 16 386
770274935 16 2 500
89593061 2 14 318
795771907 14 17 8
356689233 9 6 20
187838589 5 2 64
706023017 1 6 48
366875413 9 18 328
1264769 13 6 344
899723437 5 6 24
700328857 1 2 324
228302661 3 0 310
17565615 7 12 378
225770171 17 10 84
400 1 6 0
200 786369249 17 18 308
200 790914134 10 11 89
200 823836471 3 8 30
300 770274935
300 681362887
300 187838589
200 514414278 14 7 133
200 699785703 15 4 254
200 534920388 12 17 95
200 135746925 7 16 278
200 647834648 12 5 467
200 330150513 5 10 100
200 771837218 18 11 5
200 778846163 15 12 50
200 21317632 8 17 375
200 93647033 11 8 470
200 238923924 6 7 169
200 361791195 3 4 446
200 970989800 4 17 167
200 530212353 9 2 292
200 915476850 2 19 125
200 424402659 7 4 266
200 766148332 16 17 423
200 841818869 15 16 110
200 146181056 16 9 243
200 39851385 13 10 152
200 331585166 6 3 73
300 93647033
200 360712893 1 18 404
300 269986333
200 982813864 12 9 35
200 212210369 17 14 460
200 37262702 16 1 119
200 133700021 5 18 92
200 781949658 2 15 121
200 29656235 15 0 274
200 1915256 0 5 355
200 951654481 5 14 300
200 872405890 14 3 305
200 585392819 19 12 254
200 484541280 12 13 231
300 823836471
300 534920388
200 712951985 19 16 422
200 252548204 4 9 191
200 285697141 11 0 22
300 360712893
400 5 2 121
50
100 30 40
301624064 18 7 73
263361814 7 2 23
460975644 2 28 69
33309586 28 9 303
354545912 9 10 293
14010318 10 8 483
467486100 8 16 121
780068810 16 27 371
15681520 27 29 205
780482438 29 26 479
14305804 26 1 381
994835714 1 20 463
484200424 20 13 381
350029886 13 6 423
773063556 6 4 141
125406010 4 3 459
847860960 3 17 357
583090678 17 21 19
567828476 21 22 117
378775666 22 19 235
121831640 19 0 317
317113518 0 24 59
984746356 24 15 281
89652906 15 12 79
756495312 12 25 201
854463078 25 5 311
8207852 5 23 133
590338530 23 14 475
844432328 14 11 273
854536990 11 18 403
863417700 22 29 403
796386496 12 19 243
640855516 8 17 119
748795576 2 7 47
896941396 6 27 191
555402672 8 11 453
767286466 18 11 13
753435646 4 19 37
34131706 8 1 433
645477814 16 23 189
400 12 17 460
300 317113518
300 767286466
200 469826666 20 29 63
200 900370953 25 14 124
200 176224990 0 5 381
200 67689887 19 12 114
200 858519452 24 1 495
200 507719397 29 22 24
300 67689887
200 600469360 4 15 425
200 104955687 21 4 470
200 341035268 6 11 251
200 757378221 25 2 204
200 658207730 4 9 313
300 555402672
200 624685489 13 8 380
200 525258726 24 27 489
200 602900615 13 26 494
300 896941396
200 22839194 12 3 489
200 382797419 21 16 122
200 502328888 22 17 475
200 84871185 1 28 352
200 88483014 18 25 445
200 10338791 5 10 430
300 847860960
200 312669306 24 11 201
200 829503435 15 24 146
200 14434328 18 17 415
300 590338530
200 881654895 7 6 182
300 382797419
200 477180194 18 1 113
200 568833491 3 26 34
300 350029886
300 84871185
200 490695964 2 15 319
300 854536990
200 87008131 11 12 2
200 747411184 2 19 31
200 302259689 7 24 260
200 245963070 24 7 13
200 37105279 29 16 64
200 468519282 12 15 353
200 182361827 19 14 474
200 596116176 26 7 227
200 252475977 27 26 366
400 1 12 384
100
100 40 50
127340618 11 1 271
422952560 1 21 125
62181894 21 3 343
351040140 3 12 321
538623874 12 10 479
806374504 10 38 125
598752446 38 4 467
625521156 4 35 137
168697274 35 9 411
452960608 9 37 117
770131574 37 32 419
136601212 32 31 169
192074994 31 2 55
89838424 2 6 321
474926894 6 36 259
222962164 36 19 85
24523050 19 17 391
886762064 17 34 265
452783334 34 8 47
661328492 8 23 393
160554082 23 5 471
990448200 5 22 409
766434718 22 28 283
34200036 28 24 45
184937626 24 25 127
20672832 25 26 469
195189078 26 0 327
419083868 0 7 261
73323986 7 29 139
67736376 29 30 93
32625678 30 39 371
809290708 39 27 73
961850890 27 33 383
536591408 33 18 477
353274822 18 16 299
938943052 16 15 181
615929154 15 13 31
722534952 13 14 17
600796798 14 20 247
904318916 20 11 345
810462074 38 39 217
285405238 10 3 69
409243826 6 39 281
182658798 18 19 229
60824298 30 23 109
936464550 34 27 457
741036578 28 21 355
948385188 16 17 283
993181440 36 37 219
29762076 36 13 439
400 8 33 406
200 593539056 36 5 219
300 600796798
200 779847079 15 20 210
200 348668292 24 1 459
200 211239213 5 2 100
200 63755890 22 15 249
300 766434718
200 924657713 25 30 464
200 958048870 18 11 33
300 990448200
300 184937626
200 1944467 35 16 414
200 731448000 20 21 267
200 337399417 33 30 188
300 34200036
300 136601212
300 452783334
300 779847079
200 890322758 2 35 369
200 771166823 7 28 106
300 192074994
200 351995642 6 31 381
200 673292363 19 24 374
200 369015448 20 13 415
300 127340618
200 365834991 7 12 330
200 109038508 8 9 443
200 452015797 21 34 384
300 409243826
200 231278208 20 29 243
300 593539056
200 428122743 15 36 282
200 848409364 16 9 399
300 160554082
200 940047707 3 8 118
200 443368808 28 5 71
300 1944467
200 805853439 7 20 234
200 92574588 6 23 225
200 51386211 35 8 174
400 31 28 -1
200 606679227 11 24 250
200 606700360 36 29 359
300 182658798
200 331348063 23 36 426
400 27 8 374
200 103227703 39 12 174
300 222962164
300 770131574
200 476711728 12 13 139
200 403222313 9 22 452
200 608103294 10 35 217
400 30 15 305
200 221189942 10 11 341
300 948385188
200 706217477 13 2 344
200 268327914 14 31 181
300 625521156
200 278389129 9 6 428
200 780383838 34 35 425
200 37316895 15 12 42
200 662254876 2 3 489
300 403222313
300 37316895
200 696328411 27 16 394
200 350098152 8 33 367
200 486895149 21 10 128
200 748566386 10 19 373
400 22 31 190
200 730171422 0 17 11
200 543912589 29 34 112
200 227033682 30 15 249
300 904318916
200 973154193 25 38 400
200 190031430 34 19 161
200 801217895 5 18 180
200 268484090 12 29 107
300 661328492
200 56765463 13 10 284
200 376529258 24 17 271
200 533000117 37 2 404
200 172862682 4 29 123
300 351040140
200 571043191 27 8 326
200 182475888 8 1 219
300 443368808
200 337909939 11 16 118
200 864927584 26 27 389
200 78438103 37 34 112
200 379264810 22 31 81
200 294830523 1 22 484
200 274754462 16 1 399
300 78438103
400 18 27 198
200 949341650 38 15 381
200 991272899 19 16 354
200 208951856 28 37 347
400 8 33 0
200
100 40 50
267682903 17 0 124
630411205 0 10 146
95536611 10 11 416
77560369 11 4 86
589809711 4 5 488
917822813 5 15 142
567373627 15 6 460
784705865 6 25 90
119479047 25 24 272
672313845 24 2 190
794946451 2 34 404
159750497 34 12 38
286379743 12 29 12
320361869 29 39 178
115696875 39 31 68
455111801 31 32 94
36496823 32 16 464
60934693 16 18 114
469687619 18 26 40
205743249 26 20 438
689894799 20 36 460
361197501 36 23 26
848878747 23 7 80
454847401 7 9 262
603807335 9 8 436
847460949 8 19 18
911448819 19 27 236
15091649 27 13 34
83484223 13 37 412
296402925 37 38 314
41684043 38 30 188
452417753 30 1 174
393312023 1 33 72
989145733 33 3 402
837493923 3 35 100
400321265 35 21 110
98404591 21 28 72
723155997 28 22 166
370847739 22 14 404
121888265 14 17 246
391369159 23 4 266
990935635 3 16 290
76895135 7 28 154
310315947 35 32 274
771714679 15 4 450
651074563 19 8 266
762385999 23 20 138
51650395 3 8 478
700768551 15 28 30
586189235 19 32 10
400 23 4 0
200 161851147 35 16 398
300 393312023
300 672313845
300 689894799
200 218601002 22 23 113
300 455111801
300 15091649
300 794946451
200 282443125 37 26 320
200 339382682 6 39 145
300 452417753
400 32 17 -1
200 224832056 36 5 119
300 121888265
200 430358799 23 12 182
300 837493923
300 119479047
300 784705865
300 589809711
200 987559620 32 1 411
300 51650395
200 811494859 27 24 322
200 487952408 12 13 223
200 204511857 9 30 68
200 473316262 34 19 21
300 218601002
200 287650869 13 34 168
200 906100570 30 15 497
200 211851563 33 6 308
300 286379743
300 296402925
200 527809226 6 23 13
300 76895135
300 723155997
200 569779879 23 36 474
200 464376964 32 33 487
300 60934693
200 547091595 31 20 14
200 600007796 24 33 307
200 192872541 21 18 464
200 820219106 28 37 435
200 600198241 25 14 124
300 339382682
200 471410908 8 25 163
300 454847401
200 759505475 9 6 144
200 416052294 22 39 477
200 49192947 35 0 166
300 586189235
200 313601718 10 19 465
200 613204503 15 36 262
200 463537716 24 25 127
200 601516317 21 34 88
200 424065186 22 31 317
200 644153171 27 8 286
200 948024192 28 5 83
200 33844281 9 38 416
200 85082702 10 3 493
200 192692559 7 12 230
200 795097228 16 1 151
300 847460949
300 759505475
200 400877441 17 38 60
300 613204503
200 104356476 0 33 23
200 853917253 3 24 442
300 287650869
200 93541094 2 19 133
200 706396039 7 20 474
300 853917253
300 600007796
200 187725632 20 5 19
200 947327225 1 22 32
300 211851563
200 247613396 0 25 47
200 502490173 13 18 12
200 155745090 18 11 493
300 547091595
200 215457389 37 2 20
300 795097228
300 416052294
300 848878747
200 734342068 16 17 239
200 53836445 39 28 74
200 559002020 22 7 193
200 503441963 35 8 478
200 461146872 4 21 19
200 175525329 33 30 76
200 831365510 18 35 277
200 568439207 27 0 390
300 115696875
200 901262326 30 23 185
200 497138659 19 0 218
200 145390032 34 35 481
300 391369159
200 806729717 9 14 32
200 859214550 26 35 61
200 45541303 5 26 208
200 454414218 22 15 429
300 917822813
200 119935401 1 38 492
200 269364734 34 11 381
200 152548415 31 4 366
200 671087036 30 31 497
200 901847715 39 4 378
400 11 32 255
200 936189383 39 36 398
200 950675356 14 31 157
300 901262326
300 950675356
300 85082702
200 576145533 29 2 76
200 852868226 6 7 41
200 69402547 17 14 424
200 228657526 10 27 357
300 901847715
300 469687619
300 77560369
200 285371825 21 10 268
200 516394850 14 23 229
200 982255891 3 0 246
200 501731392 28 29 75
200 756542969 25 6 240
200 480854286 16 9 423
300 159750497
200 891748379 17 22 288
200 819646846 2 3 217
200 995535295 7 36 94
200 999061820 32 9 83
200 660017669 37 34 168
200 795097066 38 7 29
400 18 27 205
200 204552994 36 29 231
300 771714679
300 989145733
200 550886349 21 26 408
200 282373778 24 1 31
300 559002020
300 95536611
200 625554433 29 18 484
200 47223666 26 11 485
200 670026031 13 2 80
200 159477986 4 29 147
200 436959097 31 28 282
200 551540308 8 33 407
200 422388413 15 20 346
200 406602820 8 9 323
200 912044781 1 6 484
200 862506350 8 1 419
200 818799901 37 10 148
200 678965410 18 19 117
200 282157391 29 26 124
200 417057154 4 13 299
200 72385409 1 14 332
200 59022454 6 31 197
200 15203939 27 16 298
200 981793360 20 37 303
200 488740297 31 36 254
200 313679332 20 21 35
300 811494859
200 180071479 9 22 420
200 309130694 2 35 201
200 124779239 27 32 362
200 472096544 36 13 299
200 353983321 17 6 460
200 891506926 34 27 205
200 620486511 13 26 196
200 676551714 14 15 361
200 462883027 7 4 386
200 928034844 24 9 11
200 3248485 13 10 92
200 843939586 38 15 409
300 948024192
200 83388161 25 22 204
200 663045110 10 35 121
200 396210263 39 20 34
200 805516780 8 17 383
300 104356476
200 736076179 5 2 24
200 689091922 14 7 21
400 18 19 0
200 785052554 16 25 211
200 305088085 11 24 482
300 282373778
200 469738422 26 3 205
200 36086551 15 12 18
300 706396039
200 708962922 38 39 37
300 981793360
300 400321265
300 192872541
200 455159885 21 2 40
200 151769362 36 21 467
300 180071479
200 551928399 1 30 444
200 860564926 16 33 483
200 102403757 35 24 310
400 31 12 166
200
100 50 60
685348554 14 6 79
922867952 6 28 181
700517510 28 21 279
800920844 21 4 385
309169154 4 41 139
128317160 41 3 21
430133566 3 5 111
961616516 5 9 121
754500666 9 12 27
241570272 12 13 489
402497782 13 11 203
650204924 11 32 313
213317490 32 33 107
927229912 33 48 393
232077742 48 42 195
115531892 42 27 185
884354474 27 35 467
16677584 35 22 461
729821542 22 36 163
31219948 36 25 413
548019938 25 2 315
10024136 2 31 261
237725726 31 23 319
10884708 23 43 285
840487706 43 1 223
457108416 1 26 397
727353302 26 46 23
887301340 46 19 25
439222866 19 10 55
70060472 10 39 313
39981710 39 18 107
215913556 18 37 77
652719242 37 8 411
9880240 8 16 113
5798982 16 49 87
754547404 49 20 129
216637890 20 40 327
757097128 40 45 325
294664446 45 17 75
19983940 17 38 485
346673658 38 0 363
124059552 0 15 345
588368566 15 24 115
50932924 24 44 213
145306418 44 29 447
31174552 29 34 437
304588142 34 47 351
755087412 47 7 421
822829418 7 30 143
687359120 30 14 25
527242534 40 3 85
862196898 28 47 317
193577950 4 15 209
145632474 14 35 93
340169110 42 15 445
550220306 46 47 473
195583566 4 33 45
864995402 12 45 329
594545158 6 37 457
669794690 46 27 289
400 38 29 332
300 241570272
200 467147104 4 23 155
200 740405913 19 32 180
300 840487706
300 800920844
200 329902378 36 11 217
200 283698107 47 4 74
200 373719624 6 3 187
300 887301340
200 729933151 11 46 314
400 33 40 432
300 373719624
300 309169154
200 977619907 9 34 462
200 679359536 32 31 307
300 685348554
200 919250151 19 30 306
200 895469508 44 9 203
200 520170093 45 10 240
300 550220306
200 724922648 48 47 271
200 683891057 11 2 160
300 329902378
200 613849644 8 47 467
200 436978485 45 2 308
300 283698107
200 578420992 18 45 71
200 248037817 45 40 44
200 224829902 22 35 217
200 227396815 47 10 182
300 232077742
300 248037817
200 102718440 42 49 163
300 50932924
200 393020799 41 8 150
200 785615868 10 19 383
200 845406661 7 0 428
200 441572010 16 39 237
200 185307451 31 10 382
300 185307451
200 277018910 20 37 357
200 489495263 43 0 110
200 620471260 4 27 279
200 2317349 9 36 292
300 2317349
200 363977648 18 3 203
200 216278953 11 22 152
300 620471260
200 707450692 48 39 379
200 329585133 29 48 212
200 495817778 8 5 201
200 587007651 33 30 56
200 399703078 16 21 345
200 471864263 9 2 402
300 822829418
200 733280218 2 33 327
200 21561657 23 12 290
200 881109780 30 1 199
200 805950589 21 10 444
200 968956034 14 39 465
200 941091763 17 24 470
200 223081056 12 49 31
200 934088601 19 46 32
200 424100910 16 25 257
200 349282223 33 26 450
200 519345004 22 37 307
300 216637890
200 936127251 7 46 14
200 678562880 16 23 39
300 754547404
200 820710711 11 48 366
300 884354474
200 455105802 22 43 177
200 719744027 27 32 2
300 21561657
300 19983940
300 729933151
200 71913594 8 7 377
200 849823179 49 22 334
200 138960920 28 5 123
200 874059377 35 40 228
300 227396815
200 520509740 34 1 255
300 652719242
200 320930771 43 34 202
300 277018910
200 124699158 16 19 113
300 128317160
200 570827877 41 42 248
200 492354250 30 43 469
200 114817243 13 16 242
200 391088872 40 37 267
200 698927617 5 46 460
200 108864758 30 37 163
200 188785861 41 12 216
200 12865962 14 13 49
200 946124347 19 40 462
200 694440648 14 5 155
300 719744027
200 883721695 35 6 242
200 453700828 2 1 143
200 278765349 41 46 260
300 399703078
200 791896240 18 7 179
200 44394153 45 18 464
200 150966526 24 23 155
200 64531181 5 6 304
300 115531892
200 792142232 12 33 59
200 204935153 13 46 96
300 578420992
200 922794156 28 3 135
200 73992117 49 48 410
200 570546048 32 5 139
200 217767481 13 32 170
400 19 24 235
200 450235727 23 10 242
200 511160972 10 27 301
200 169027251 3 30 142
300 694440648
200 452381814 34 39 345
200 619998423 39 42 266
200 171052532 36 27 363
200 755590109 13 2 88
200 777601634 12 17 437
200 107355155 11 44 318
300 707450692
200 109554006 10 29 81
300 679359536
300 669794690
200 328300483 7 4 354
200 320604208 0 13 115
200 250012713 13 24 428
200 73886334 40 43 241
300 881109780
200 117646957 21 30 384
200 819413170 46 33 89
200 702349091 41 16 270
200 539563024 46 25 321
200 830200391 37 30 150
200 85186468 0 43 155
200 603067597 15 46 64
200 209644434 22 7 65
200 69528707 25 44 142
400 33 22 178
200 401841627 19 6 498
300 12865962
200 589585470 42 1 389
200 867832191 17 0 150
200 651973628 14 43 361
200 277978595 1 40 22
300 215913556
200 30284902 18 9 125
300 740405913
200 44302325 11 34 356
300 217767481
300 250012713
300 31174552
200 266038236 38 31 71
200 761862181 49 8 356
200 876269450 34 13 33
200 417838235 1 2 334
200 444985256 8 45 485
200 787901503 39 4 392
300 70060472
300 436978485
200 147465838 44 25 389
200 200990959 31 14 66
300 124059552
200 675996578 14 19 77
200 717823059 33 12 298
200 696556672 2 23 395
200 98089785 7 18 460
200 221180750 44 47 193
300 393020799
200 929766013 15 26 94
200 487005032 16 7 19
200 87903361 5 24 256
300 9880240
200 984699772 14 15 31
200 388385093 33 38 56
200 484134442 28 43 429
200 722859195 43 30 158
200 818646856 12 39 119
200 110837985 15 38 416
200 160532054 30 49 273
200 205955895 49 32 306
200 257731284 4 9 51
200 719509821 15 40 188
200 205478978 42 39 293
200 56706675 17 26 2
300 329585133
200 275895094 32 35 473
300 98089785
200 960682501 9 44 58
200 141039888 38 45 285
400 46 45 31
400 45 4 143
200
100 50 60
500513696 33 11 289
248328374 11 38 115
373369020 38 25 201
124592946 25 15 111
842151320 15 5 405
514127726 5 41 227
861404724 41 6 301
411647338 6 8 35
166690960 8 26 485
384610598 26 22 43
89142956 22 23 149
423719074 23 27 223
962002056 27 39 253
205919710 39 17 495
966580772 17 36 149
620090074 36 10 379
551089536 10 16 329
759849878 16 14 315
39573148 14 40 85
381160978 40 43 419
647107960 43 46 145
241414222 46 32 63
25727508 32 13 257
925541450 13 24 231
197489264 24 30 265
525523974 30 7 487
851666572 7 3 393
336384898 3 4 319
107118696 4 35 481
722781886 35 12 287
619666436 12 1 133
531542458 1 31 335
988042592 31 44 37
56774774 44 21 451
403015804 21 42 29
47994098 42 37 387
903322456 37 34 145
472930606 34 19 15
708168692 19 20 209
442746154 20 9 491
22322768 9 18 57
389005542 18 28 43
258396268 28 29 409
15228002 29 0 411
975177800 0 45 21
62037406 45 2 307
246421476 2 47 41
343965850 47 48 219
86306624 48 49 329
801961814 49 33 319
696298076 6 39 111
76910904 18 29 247
621625300 44 15 295
56586288 8 35 423
998039628 36 35 359
951531048 36 27 15
89591236 48 11 99
106770208 28 13 455
621783100 18 13 455
472460568 34 5 459
400 30 43 458
200 964211216 18 1 339
300 442746154
200 910422087 15 8 256
200 552187994 4 1 17
200 143835691 13 0 22
200 348127992 12 3 499
200 632232913 25 12 168
300 472460568
200 514936844 30 3 287
200 744014229 49 32 180
200 794187578 42 27 321
200 268672395 3 12 154
200 800540888 30 11 455
200 807518769 43 30 484
300 975177800
200 280997868 20 11 215
200 352440309 19 16 496
200 482076186 30 37 229
300 268672395
200 2096249 29 32 396
300 472930606
200 184564052 4 9 251
200 64291773 49 4 96
300 525523974
200 392528808 20 21 55
200 151087085 1 4 232
300 988042592
200 212280472 22 39 223
200 54285553 19 42 224
200 323131430 20 37 379
200 485972661 25 22 108
200 297208282 16 29 181
200 815615915 33 4 238
200 344963704 22 31 23
200 686071633 13 46 392
300 166690960
200 375091084 34 41 467
200 480475413 45 22 324
200 586298042 38 29 221
200 956151051 31 6 198
200 106138200 18 27 363
300 106138200
200 160530863 11 12 346
200 357877100 10 11 339
200 576772981 15 40 124
200 87420314 8 47 61
300 373369020
200 138605049 3 34 88
200 7174414 38 3 37
200 219180815 37 30 466
200 112612684 20 31 91
300 151087085
200 988762227 41 24 102
200 620941856 10 23 367
200 156472921 7 22 424
200 692945390 44 5 93
200 30510191 49 28 118
200 113412908 34 25 273
200 596111315 5 0 490
200 502858240 32 9 91
200 470163641 1 44 488
200 918439118 12 43 185
200 273130447 1 46 98
200 861703948 0 39 347
200 641989269 33 34 496
200 69013050 38 17 149
200 37383819 43 10 458
300 392528808
200 54668718 16 19 277
300 619666436
200 6474333 9 28 472
300 37383819
300 951531048
200 964090910 12 37 19
300 514127726
200 949718507 41 8 186
200 489975224 18 19 27
300 470163641
200 142031503 47 38 470
200 430109900 30 5 245
200 455746547 9 34 450
200 756715424 16 17 295
300 344963704
200 764864023 19 12 370
200 131972148 16 41 203
200 4993821 5 4 52
200 949493410 46 3 21
200 662326611 33 10 466
200 109398400 28 23 267
200 749335609 33 26 88
200 115078222 42 43 41
200 838856527 3 26 92
200 602753922 18 31 181
300 621783100
200 511684481 9 10 106
200 311578748 16 5 75
200 663051333 41 46 476
200 831383850 16 21 413
200 384763323 37 2 382
200 558668872 8 11 291
200 161358817 3 24 436
200 224885590 22 21 221
200 942277687 47 26 2
200 27079636 4 47 331
300 815615915
200 289649435 49 42 114
200 914723880 44 35 31
300 602753922
200 734667455 31 10 118
300 219180815
300 384763323
200 753259800 32 41 23
300 352440309
200 772014447 35 0 126
200 87285292 34 23 55
300 375091084
300 241414222
200 13231777 7 6 176
200 124926742 0 11 153
200 897518839 45 48 110
300 925541450
300 942277687
200 199505904 22 27 23
300 734667455
200 833167271 35 30 238
300 430109900
200 193264442 2 23 217
300 6474333
300 964211216
200 422578263 25 24 162
200 82835828 18 37 457
400 44 1 76
200 551190498 38 11 233
200 333805971 5 14 62
200 348181696 34 37 47
400 32 21 194
200 947772600 20 19 475
200 89076881 27 44 290
200 880882636 8 7 259
200 425863253 3 2 32
200 775541498 32 43 353
200 375448651 31 20 114
200 595578008 46 15 435
200 17106161 43 34 80
300 357877100
200 704213932 38 37 199
200 887120053 35 26 296
300 620090074
200 128819840 40 3 239
300 772014447
200 973847671 5 16 338
300 918439118
200 628118346 44 31 153
200 958999899 41 2 78
200 823507204 42 25 451
300 759849878
200 154725131 45 28 366
300 143835691
200 403716142 38 9 69
300 620941856
200 501958877 45 44 172
200 749480802 46 39 225
300 30510191
200 370726625 25 30 194
300 949493410
300 801961814
200 715985976 38 43 365
200 501794063 29 48 468
300 973847671
200 981203240 48 31 295
300 199505904
200 920456639 41 34 204
200 172831666 24 35 437
200 904572963 41 20 426
300 115078222
200 885854118 32 31 301
200 667554119 11 4 142
200 130661540 16 43 59
200 805274573 41 38 412
200 32136850 10 7 497
200 21817219 35 44 22
200 826377968 6 9 105
200 135834279 7 44 104
200 751022650 8 37 189
300 775541498
200 630803225 25 2 68
200 650998190 4 49 373
200 672560943 39 30 446
300 910422087
200 447534818 26 49 169
200 54960275 49 20 244
200 811581398 36 33 31
200 775710501 15 16 164
300 662326611
200 222561456 4 5 243
200 866460329 25 48 364
200 404568830 30 1 53
400 40 7 181
200
100 60 70
482697941 8 29 10
953366387 29 30 332
268255809 30 35 486
689357503 35 45 296
395592301 45 5 90
267930827 5 26 304
790515545 26 46 414
750152599 46 33 28
676492037 33 13 18
197845283 13 55 60
426439025 55 34 190
584537967 34 25 84
482890909 25 56 490
269136507 56 6 424
550602889 6 15 322
274996295 15 17 356
440050997 17 36 386
345528019 36 2 160
668735137 2 43 438
134117407 43 41 116
853449933 41 21 398
352005675 21 18 104
430009 18 27 454
936944375 27 28 420
104214373 28 0 350
98656899 0 59 376
752071121 59 31 138
893854927 31 49 240
619663613 49 4 98
204783579 4 39 8
752610025 39 14 366
83454887 14 9 12
469290389 9 48 86
943419443 48 51 484
157232897 51 7 218
741105023 7 44 356
208498989 44 40 150
481088395 40 38 456
136202777 38 11 230
7459927 11 32 304
790231493 32 24 346
70352867 24 42 280
746688049 42 58 170
122574895 58 16 16
19318621 16 57 194
15283003 57 3 264
527184713 3 22 82
900155655 22 12 188
959620597 12 37 354
769585043 37 50 88
127441249 50 47 446
417179871 47 52 412
524154253 52 1 290
217715947 1 23 492
186140793 23 10 162
213857719 10 53 320
640330277 53 20 350
88657219 20 54 136
46275217 54 19 298
888833423 19 8 476
188111293 49 42 228
768603561 29 50 312
38443605 5 54 64
752606145 17 38 312
159577069 1 18 244
245457625 49 46 128
3527813 57 38 208
98757361 13 42 204
780559901 53 6 280
35598857 37 58 348
400 5 26 0
400 8 29 0
200 625403292 4 9 331
200 262005989 37 18 252
200 846427978 18 39 369
200 532341595 15 52 102
200 225457512 44 17 323
300 208498989
200 317131007 7 28 402
200 565136764 56 29 271
200 93693253 45 26 332
200 418860586 26 35 125
200 537845947 45 54 452
300 19318621
200 183172324 44 21 267
400 40 33 -1
200 151935836 20 49 191
200 62199205 9 10 152
300 746688049
200 311701808 48 1 195
300 752610025
200 992525799 49 58 480
300 136202777
200 557859872 56 21 183
300 418860586
200 173599895 29 42 20
300 780559901
200 485080336 32 21 435
200 509415817 57 30 408
300 134117407
200 668583076 36 17 115
200 392120781 57 58 132
200 426544274 42 51 297
300 481088395
200 415849169 41 26 60
200 790041222 42 43 81
300 217715947
300 35598857
200 724609843 15 28 190
200 417034720 32 29 131
400 4 29 466
200 209777624 4 21 83
200 256344369 57 54 408
200 676411238 42 3 485
200 422939143 51 24 38
200 884362340 40 33 115
300 893854927
200 578812395 59 24 302
200 50473400 56 5 455
200 622352273 9 22 180
200 163531846 22 39 373
200 120554343 15 48 70
200 751417412 48 37 491
300 936944375
300 426439025
200 634582489 53 54 348
200 256975214 10 59 205
300 884362340
200 865306909 1 38 132
200 196101282 26 39 361
200 580808531 15 32 230
300 524154253
200 660281238 30 39 361
200 683023735 31 36 270
200 385090068 16 37 495
200 738824061 55 16 106
200 98095208 12 53 431
200 404519809 33 26 388
200 58355830 46 11 353
200 138148567 43 12 446
300 634582489
200 830639914 22 31 293
300 738824061
200 18971081 37 42 336
200 806490526 34 7 405
300 417179871
200 791136781 25 54 120
200 463238098 26 23 153
200 447224259 11 40 270
200 12826160 48 9 311
200 226327593 37 30 328
200 554279550 6 7 57
200 492687039 43 28 274
300 469290389
200 46739122 22 35 245
300 188111293
200 132620657 13 14 112
300 830639914
300 422939143
200 609789474 6 23 129
200 838244051 47 44 134
200 877579520 20 45 167
200 982482873 17 42 212
200 597106126 46 27 109
200 18002127 23 32 250
200 588827148 24 21 135
300 752606145
300 132620657
200 597084929 25 18 224
300 46739122
200 116673532 40 49 403
200 488262085 1 30 444
200 837896874 58 23 77
200 752295739 23 8 62
200 709275592 0 9 35
200 30118753 9 18 136
200 201307350 36 5 143
200 231419941 17 18 228
200 368398730 50 15 221
200 379306651 47 32 206
300 18002127
300 750152599
200 656805188 32 33 371
200 877378029 15 16 298
200 860588184 48 57 359
200 151755505 25 6 392
300 267930827
200 315832748 24 1 271
200 801270965 43 52 398
300 578812395
200 878755478 38 59 477
200 627842679 9 26 472
200 939615562 18 3 133
300 62199205
200 556530281 53 18 224
200 190822334 58 35 253
300 269136507
300 98757361
300 550602889
200 898026905 29 26 116
200 221533230 18 11 269
200 706497967 51 12 358
200 548407660 28 5 199
200 140007797 37 6 36
300 463238098
200 628335168 48 5 15
200 584986105 17 54 156
200 825453838 34 19 9
300 900155655
200 404746557 49 14 196
300 12826160
200 57900840 0 17 479
300 959620597
200 842761151 31 24 250
200 124021564 24 17 431
200 668711941 19 20 310
400 27 8 -1
200 894485371 3 52 218
300 138148567
200 53616734 10 3 69
200 815249695 39 44 262
200 136665372 56 33 23
200 424512613 41 10 208
200 72324810 46 55 77
300 70352867
300 509415817
200 374265511 43 24 210
300 124021564
200 538349114 50 51 277
200 378905739 11 48 86
300 683023735
300 676411238
200 583095412 52 41 259
200 696332381 57 10 468
200 619248866 34 35 365
200 959731347 3 32 374
200 637561280 28 21 127
200 262177145 59 56 170
200 211931732 52 9 151
300 256344369
300 992525799
200 284375209 5 30 152
200 496733438 58 47 69
200 204568895 39 32 462
300 201307350
200 701094706 50 27 341
200 490379683 47 36 226
200 421394576 0 21 31
200 431841545 5 42 76
200 399448030 26 55 405
200 505128095 51 0 206
400 3 40 112
200 140751735 55 32 114
200 192987156 8 17 315
400 44 37 325
300 668583076
300 88657219
300 943419443
200 511639230 28 49 439
400 32 53 213
200 940067452 20 21 75
200 96229957 27 48 430
200 532354640 8 9 171
300 769585043
300 399448030
200 743403637 35 28 142
200 639199040 0 25 223
200 360202489 33 50 436
400 49 38 186
300
100 60 70
774477788 52 26 137
987494226 26 33 35
773669048 33 39 313
23208846 39 4 183
263926100 4 6 465
144681866 6 46 87
289247152 46 59 477
34846534 59 3 179
366835660 3 38 469
708335298 38 22 295
826918312 22 31 237
229809662 31 12 215
423826756 12 49 73
167072506 49 14 431
351781536 14 27 85
523014070 27 35 347
102754748 35 17 9
669217330 17 2 179
742300824 2 47 369
223084654 47 24 71
598281012 24 10 241
161115242 10 21 199
970756496 21 23 141
962711590 23 32 191
973073836 32 25 497
929660834 25 1 171
785064840 1 56 485
33218270 56 40 167
262959396 40 57 77
466324442 57 30 483
499842176 30 19 249
778046614 19 28 183
18669980 28 54 473
652677906 54 18 67
551419000 18 16 109
242970446 16 51 119
841738516 51 37 265
907681098 37 9 287
341967728 9 36 93
885226246 36 0 411
389375884 0 50 385
426271362 50 34 343
110162280 34 8 381
129306558 8 7 315
405880068 7 42 137
84746426 42 45 359
385918560 45 55 213
834187126 55 48 95
748191612 48 29 161
552548338 29 5 171
176699480 5 44 277
279863854 44 20 283
290497268 20 13 485
398193706 13 53 3
885384528 53 43 113
130094566 43 15 251
445300076 15 41 429
74252130 41 58 491
402154824 58 11 477
587097758 11 52 59
88701156 48 13 447
43040832 4 9 467
692082524 12 9 27
547387448 36 1 111
268067028 16 21 119
184563504 40 33 215
702748492 44 9 7
214555944 20 17 447
164780740 36 13 403
47743008 24 17 423
400 28 33 418
200 431199256 0 53 95
200 893680241 9 42 432
200 373324198 14 3 69
200 1725255 7 24 438
200 662271652 24 25 299
200 590271949 21 58 132
300 167072506
200 696904184 0 57 319
300 84746426
200 843461071 27 52 438
300 102754748
200 828119042 30 39 449
300 773669048
300 885226246
200 376042623 23 12 170
300 398193706
200 897530226 22 3 329
200 921055459 55 28 282
300 290497268
300 748191612
200 889298156 8 21 223
300 229809662
300 130094566
300 161115242
300 405880068
300 18669980
300 423826756
300 778046614
400 54 7 -1
300 373324198
200 212897876 10 47 125
200 595547035 7 4 326
200 185660584 52 13 3
200 529193665 49 38 488
200 913042614 18 31 169
200 729548823 47 8 262
200 341095476 24 5 399
200 570430749 1 6 100
200 861066914 2 7 489
200 565716307 35 16 54
200 530353024 20 45 467
200 829932089 25 26 272
200 505607758 50 3 253
200 835274575 11 48 446
200 64216204 20 41 259
200 541744661 17 26 424
200 812425658 30 11 57
300 541744661
200 737000601 1 54 188
200 285908782 46 47 165
200 257655983 59 20 250
200 709852268 56 1 395
200 16493685 5 58 296
200 237938330 58 31 153
300 431199256
300 1725255
300 692082524
300 341095476
200 72380867 43 20 370
200 664779824 24 13 95
200 820561961 57 2 124
200 184204926 18 43 197
200 55329983 3 48 38
200 873438780 4 1 79
200 286669573 17 30 72
300 88701156
200 412534800 44 37 367
200 749777033 37 34 328
200 161810782 26 3 53
200 119339551 59 4 234
300 552548338
200 965476242 22 35 481
300 973073836
200 984586705 37 22 496
300 987494226
200 183696396 48 5 323
300 466324442
200 72615987 37 18 168
200 920105974 40 37 235
200 492473285 41 34 148
300 742300824
200 943706576 52 1 155
200 650309449 21 2 484
300 547387448
300 183696396
200 6322202 34 27 425
300 184204926
300 965476242
200 410908599 35 40 214
200 937895252 16 41 291
300 366835660
300 389375884
400 24 21 137
200 744053160 24 21 243
200 904203713 53 46 392
200 920444342 58 39 189
200 417368343 39 8 486
200 363252020 28 1 119
200 69810205 7 8 398
300 110162280
200 465988830 14 39 265
200 351462815 59 16 498
200 355458972 0 33 143
200 54256357 25 2 236
300 523014070
200 363110768 20 21 31
200 864058473 57 46 328
200 918868926 6 3 241
200 705858303 39 32 458
300 913042614
300 412534800
300 69810205
200 437809198 38 11 365
200 5700015 31 4 46
200 493894508 28 5 11
200 1833333 3 0 254
300 826918312
200 1137238 30 7 221
300 893680241
200 896182181 3 28 198
200 594938672 0 21 239
200 674339625 1 42 84
200 632096126 44 49 171
200 289077101 45 34 64
200 100947890 26 27 161
200 678936099 59 0 210
300 674339625
200 50429350 34 11 453
200 965030727 39 12 278
200 970555044 32 29 427
200 201576909 49 50 412
200 39682706 12 5 199
300 962711590
200 46092751 15 12 210
200 282133772 52 53 419
200 500097685 57 6 424
300 385918560
200 808911328 30 47 337
300 341967728
300 965030727
200 126049507 43 0 18
300 709852268
200 933849958 54 27 413
200 952276487 45 38 208
200 576471834 28 57 223
200 533595001 17 38 176
200 803556494 26 35 265
300 952276487
200 42979005 57 38 84
200 63719362 10 7 253
200 112226803 43 36 402
200 537601440 24 33 123
200 932734937 9 38 68
200 91048814 2 31 373
200 529567727 23 36 202
200 16250028 28 49 227
300 984586705
200 480563539 23 8 234
400 19 56 -1
200 36810411 15 16 134
300 43040832
300 242970446
200 988429332 38 47 57
200 932372571 15 40 278
200 403668584 40 17 231
200 816819585 49 54 220
200 768798326 50 11 205
200 714297559 55 12 442
200 779894772 36 49 263
200 583486941 45 14 340
200 349125218 10 31 437
200 412033043 9 14 296
200 444727638 6 55 305
200 321647159 47 44 242
200 631092180 36 29 467
200 849092669 33 14 88
200 643647298 2 15 297
200 758452083 55 24 154
300 529567727
200 953587766 14 15 361
300 650309449
200 137399045 49 6 424
300 16493685
200 485202960 4 41 127
200 725177993 49 10 336
200 82089822 30 23 353
200 322031647 53 34 320
200 89533842 34 47 61
200 395997315 51 24 74
200 73040880 32 49 3
200 13954793 1 14 420
200 759840318 58 55 373
200 602649983 51 20 82
200 907953660 36 5 443
300 696904184
200 334242275 19 20 246
300 533595001
200 185619046 22 19 293
300 820561961
200 990114805 33 50 20
200 767799322 54 55 189
200 17310443 19 40 122
300 262959396
300 873438780
300 590271949
200 979704714 4 33 351
300 759840318
200 112100967 27 56 498
200 888981316 32 5 131
200 590037485 45 2 392
300 979704714
200 709173912 32 33 199
200 876249841 17 14 100
200 678863398 26 59 245
200 182843847 9 50 400
300 885384528
200 414791808 10 35 345
200 592240759 23 52 218
200 493525780 56 49 479
200 247020157 37 58 44
200 183404674 38 7 401
300 932734937
200 692904065 3 4 486
200 953973628 24 49 467
200 962655045 25 50 68
200 815941094 34 15 409
200 946330759 35 24 490
300 907681098
200 54559130 38 3 117
200 48509035 29 2 232
200 406048014 58 7 297
200 244137231 23 28 298
300 402154824
200 881218626 34 51 249
200 207047283 19 32 310
200 238074912 28 41 439
300 444727638
400 14 31 194
200 986568174 12 13 55
300 970756496
200 685827451 19 4 266
300 737000601
200 20864606 52 33 79
200 438540237 51 44 138
300 492473285
300 896182181
200 735922836 36 37 283
300 414791808
200 981838043 27 12 394
200 751650024 14 51 133
200 289330815 3 32 474
200 736576764 28 17 267
200 510448837 21 54 416
200 801882538 2 23 401
300 828119042
200 408428105 41 54 232
200 220737566 44 13 419
200 219200141 49 34 312
300 408428105
300 363110768
200 886725262 16 13 299
200 813555389 53 14 356
200 713656770 54 15 73
200 747614707 23 4 114
200 623250848 46 15 89
200 707160599 27 40 366
200 389034036 46 51 341
200 768466171 11 44 362
200 427672712 0 49 235
300 829932089
300 921055459
200 180998989 3 12 478
200 651962232 48 49 315
300 63719362
300 36810411
200 302950269 23 0 278
200 435149928 26 15 49
200 52762111 27 0 482
200 980305020 32 57 35
200 5827653 13 34 68
200 501768934 50 19 177
200 965849479 43 28 130
300 20864606
300 920444342
200 543736128 48 21 295
300 183404674
300 112226803
200 27043493 25 34 132
200 515018250 34 23 65
300 247020157
200 387191849 47 56 314
400 51 48 125
200 717563583 31 0 410
200 69179964 28 29 79
200 776943985 13 6 300
300 1137238
200 168350252 36 53 19
400 20 33 252
300
100 70 80
20791415 45 24 308
701741285 24 3 262
87354883 3 12 500
862461777 12 4 158
627908175 4 37 60
134198909 37 17 186
704527195 17 11 64
70240361 11 51 486
339339559 51 8 104
803892501 8 46 206
793303987 46 56 156
5616257 56 9 70
97138431 9 61 352
94259885 61 60 210
938566923 60 36 368
694197145 36 59 234
950757335 59 23 44
947026245 23 27 46
13342051 27 34 152
799180209 34 25 218
136057263 25 2 500
579136733 2 47 62
914072763 47 68 68
593454281 68 15 166
254590087 15 50 492
332348277 50 29 22
151526163 29 18 464
769393889 18 28 454
405671007 28 26 344
705807629 26 33 142
934097003 33 52 404
874090489 52 49 450
501437239 49 31 76
783870373 31 19 390
74359491 19 1 84
434791953 1 35 134
746951439 35 42 204
469226301 42 38 462
93049371 38 39 200
594681129 39 32 2
713356775 32 48 176
668814805 48 57 466
916097651 57 66 304
816542529 66 44 162
543691199 44 30 240
400144749 30 16 190
671937995 16 65 408
719088217 65 41 234
79106199 41 13 80
440338949 13 21 170
179022371 21 43 224
243753585 43 20 478
232842863 20 53 476
633001373 53 55 46
58773883 55 0 356
216734089 0 10 338
169514311 10 22 268
557939765 22 7 70
96296915 7 5 332
158779297 5 54 158
552276255 54 6 308
301161933 6 67 142
848844587 67 64 32
425456825 64 40 146
480205815 40 14 12
882694757 14 63 222
584756099 63 62 456
922526417 62 58 402
51117519 58 69 344
47258621 69 45 434
944987867 45 26 6
352005799 49 66 122
50212659 61 12 134
895055487 9 4 450
772963467 41 56 290
218697047 55 38 490
897796323 3 36 194
376680751 45 42 354
529210427 45 54 474
117359111 65 0 74
400 63 12 238
300 671937995
200 24884877 33 66 172
200 278908498 64 33 485
200 483254339 35 40 334
200 939505840 66 41 407
400 32 65 -1
200 923274920 34 41 215
300 543691199
200 338219327 29 40 186
200 480319676 44 23 95
200 743388549 39 60 408
200 932935530 40 1 493
200 55874299 41 68 158
200 258075784 58 25 395
200 886186273 63 28 144
200 954178966 48 7 349
200 626999671 27 62 212
200 112516682 56 23 1
300 922526417
300 58773883
300 719088217
200 936275989 29 64 260
200 106570170 24 33 293
200 967559691 67 22 462
200 521912664 50 57 87
200 17908401 39 36 112
300 501437239
200 991084652 28 59 451
300 483254339
200 429184531 45 18 174
200 698919232 24 1 231
300 254590087
200 826823735 31 44 276
200 964407818 40 21 53
200 194096411 37 10 286
300 338219327
300 967559691
200 615396292 44 45 319
200 521201261 7 42 16
200 131142834 46 21 49
300 405671007
200 319182193 39 42 116
200 810980518 8 57 105
300 668814805
400 68 57 -1
300 783870373
300 964407818
200 51616000 68 21 459
300 51117519
300 923274920
200 280684389 33 22 248
200 831590346 68 61 461
200 623655387 17 48 258
200 541446632 10 33 275
200 889374977 5 32 252
300 87354883
400 51 68 303
200 428693591 11 54 482
200 737736052 62 5 455
300 862461777
300 701741285
200 890509129 45 16 124
300 936275989
200 628053860 48 27 471
200 723556749 59 44 148
300 93049371
200 637398712 20 43 255
200 796805265 69 14 28
200 87486278 52 65 493
200 500581991 21 14 494
200 437338948 8 49 43
300 816542529
200 53829195 19 18 378
200 242278040 24 7 111
200 461786865 47 6 368
200 511772710 48 69 397
200 855175111 53 52 410
200 139894564 40 9 483
300 934097003
400 62 11 395
300 886186273
200 22798456 62 41 407
300 480319676
400 26 21 317
200 702460678 58 65 309
200 501991719 49 4 266
200 649554692 10 29 263
200 839717037 7 12 312
200 128184306 62 63 57
200 482839395 57 34 318
200 655121744 40 57 319
300 55874299
400 10 25 300
200 106915998 64 27 313
300 882694757
300 319182193
200 973825643 5 6 54
300 376680751
200 546353934 24 15 253
200 212723983 37 38 290
300 698919232
200 445151810 10 65 73
400 4 69 337
200 877736058 22 65 231
200 661440089 27 32 100
200 449704430 6 3 15
200 253565853 57 32 292
300 480205815
200 359115016 30 1 383
300 546353934
200 746055455 5 56 378
200 125849372 14 41 467
300 793303987
200 659871619 27 0 182
200 861395184 54 45 87
200 412983785 25 64 228
200 195783486 18 5 309
300 17908401
200 795623981 41 44 220
200 321122674 2 29 237
200 317065443 65 6 486
300 24884877
300 950757335
200 172121836 12 9 119
200 351816949 65 10 336
300 649554692
300 96296915
200 52828118 58 53 137
300 125849372
200 969071397 51 64 68
200 86596234 58 27 317
200 713618843 39 68 90
300 772963467
200 299703550 36 35 457
200 40440639 35 62 446
200 65345212 34 1 95
200 619887493 45 6 360
200 977429866 4 67 199
200 56743177 61 56 400
200 62264286 38 37 117
200 230150815 1 14 54
200 271158940 20 65 491
200 457146853 25 30 300
200 728419402 44 15 457
400 54 69 310
300 56743177
300 87486278
300 897796323
300 136057263
200 325554106 32 7 485
200 255079947 53 36 458
200 296722264 62 13 139
300 914072763
200 565238959 69 46 446
200 486555244 16 3 475
200 43159157 45 12 200
200 973102746 58 35 433
300 619887493
200 670105337 1 52 232
200 578238990 50 55 405
200 33114639 57 54 256
200 368595266 36 55 253
200 704016755 47 22 394
300 713356775
200 627278390 56 19 253
200 102691223 35 32 438
200 706466228 56 13 499
200 653278877 67 12 360
200 95992354 40 53 111
400 50 59 281
300 117359111
200 771899158 64 41 241
200 421955319 67 34 186
300 706466228
200 488490954 2 45 21
200 106740187 3 60 114
200 639774696 18 35 59
200 854929153 5 10 36
200 97212406 22 19 37
300 158779297
200 753626565 3 62 172
200 827069610 48 3 393
200 446049595 35 2 278
200 336257992 52 31 103
200 405534561 33 62 444
300 65345212
200 335711708 0 37 55
200 278470181 49 10 384
200 323282314 8 31 85
200 600625307 65 36 10
200 56807848 20 27 99
200 350660033 69 38 264
200 694373302 40 43 9
200 646635799 55 64 36
200 493870186 20 33 375
200 259322377 61 46 36
200 985258718 58 17 469
400 32 15 366
300 321122674
200 675351964 26 35 439
200 254512869 33 12 468
300 626999671
200 259280752 36 41 91
300 655121744
200 338878247 19 40 322
200 701999364 12 19 243
200 2873005 13 12 460
200 386814962 20 11 277
300 771899158
200 318394801 23 36 96
300 969071397
200 795226988 34 63 223
200 836585333 5 2 228
200 579376538 30 47 153
200 20211307 3 54 338
200 251921464 26 43 471
400 50 39 -1
200 68715312 2 3 59
200 487418153 17 56 264
200 615464318 24 5 87
200 550716781 31 10 244
200 596367794 54 3 279
200 807794801 41 62 204
200 124485542 66 5 481
200 312838983 47 42 114
300 312838983
300 449704430
200 793384732 14 21 395
200 43457637 1 10 432
200 609613002 4 45 203
300 713618843
200 91314855 21 22 124
300 973102746
200 926565344 16 13 83
200 111994649 51 4 120
300 102691223
200 637178484 16 31 427
200 55052893 67 8 136
200 464668386 24 49 421
300 400144749
200 691841633 57 62 24
200 929705942 60 41 317
200 996205751 53 0 342
200 552565844 50 47 151
300 890509129
200 844934043 45 8 354
300 670105337
300 94259885
200 182886468 42 13 55
200 361152749 3 58 84
200 225767218 68 37 153
300 511772710
200 463991281 11 0 44
200 487584550 52 23 365
200 517017799 43 54 102
200 12142116 8 21 343
200 311240013 65 8 360
200 687542290 42 35 177
200 785025795 19 0 398
200 872048752 42 43 423
200 887678825 21 68 468
200 901665470 52 41 261
200 836278271 49 54 478
300 932935530
200 851817714 44 37 421
300 769393889
200 924389041 3 22 404
200 125081318 44 35 1
200 5056903 67 28 138
200 968052196 54 11 287
200 403635725 15 12 208
200 347621390 12 39 257
200 285501967 67 38 422
200 717161036 26 9 47
200 112221397 29 26 120
300 361152749
200 572256032 52 35 19
200 628588377 21 42 176
200 6555374 12 35 177
200 16544623 65 18 66
200 775979564 4 27 395
400 22 33 105
200 145064356 52 39 123
300 916097651
200 907861547 3 38 206
200 505641208 28 31 275
200 108716497 13 42 472
300 701999364
200 717189644 38 31 139
200 771292565 7 22 48
200 600430906 16 63 445
400 42 31 219
200 115324530 2 59 417
200 527511523 33 50 386
200 988721616 8 13 391
200 314322249 17 64 388
200 59089182 34 53 277
400 34 31 230
300
100 70 80
112662545 23 18 350
328111375 18 65 288
232629565 65 3 494
629680667 3 29 240
585305897 29 5 18
90978279 5 43 288
382768597 43 0 230
95677555 0 22 340
795728705 22 49 278
5266879 49 48 376
460510573 48 24 498
280008651 24 12 460
158194777 12 21 470
747478167 21 20 8
896900101 20 15 242
662459939 15 46 68
389013105 46 56 190
160622703 56 27 148
988915613 27 30 310
210143099 30 69 140
331156361 69 62 426
23437639 62 28 288
601577525 28 14 38
885689299 14 8 80
911538593 8 54 478
445040927 54 35 288
790460877 35 38 62
223331115 38 55 112
428762809 55 10 330
769924599 10 41 188
639579749 41 7 342
890160003 7 67 140
415978705 67 37 10
468123599 37 47 192
936963581 47 42 118
282886363 42 36 116
96792041 36 57 198
93272743 57 1 456
770637973 1 19 114
994677043 19 40 396
268800513 40 17 174
603519103 17 16 12
372362797 16 6 82
875044491 6 2 196
107534105 2 34 14
930191703 34 26 256
471709381 26 45 94
812329699 45 39 276
923185457 39 58 274
351777583 58 11 496
307960413 11 51 26
256720443 51 52 40
722646601 52 50 126
230753287 50 44 380
742283509 44 31 290
760830611 31 33 68
576852065 33 25 74
145657311 25 64 236
732760205 64 66 146
965847531 66 59 432
793428345 59 61 382
943567031 61 53 32
614721317 53 63 78
15305795 63 60 428
9747857 60 9 434
745365647 9 13 360
923806909 13 32 398
331716507 32 4 184
418642089 4 68 286
641217383 68 23 224
107045205 17 32 368
914519233 27 32 372
693943533 19 26 440
749820889 69 18 468
28245381 49 46 448
734203377 25 38 456
902150429 53 32 164
501607177 63 34 172
341135285 1 16 172
877600033 19 24 204
400 49 34 468
200 52026425 19 10 184
200 90182734 28 21 169
200 320293711 29 22 458
200 680185996 8 61 427
200 216512533 47 50 200
200 871183802 18 31 85
200 84582923 57 2 82
200 465708376 26 35 417
200 597054127 1 46 434
200 153827948 48 63 383
300 158194777
300 936963581
300 160622703
200 293075295 13 50 330
200 513329756 28 17 247
200 676249253 1 24 28
200 98715146 22 63 309
200 727057691 27 40 142
200 822769192 36 1 379
200 278714433 3 52 76
300 923806909
200 897552956 14 69 375
200 352200965 19 30 128
200 21462250 28 15 177
200 750983291 13 64 106
200 81466376 26 43 491
200 530151073 15 62 308
200 960027414 24 29 13
200 24045815 45 62 74
300 230753287
200 332506058 14 17 169
300 95677555
200 897368297 59 14 240
200 747490878 36 3 401
300 693943533
200 955330861 47 36 244
300 460510573
300 278714433
300 389013105
400 13 66 40
200 228744751 29 38 386
200 863508972 46 23 215
200 509467637 5 14 400
200 5808154 64 19 77
200 847824107 15 6 458
200 885871288 68 19 127
300 332506058
300 943567031
200 700174269 15 32 480
200 371936962 62 35 449
200 100675827 3 2 206
200 84972704 42 49 215
200 500100825 43 14 230
200 365509940 68 21 127
200 822008861 47 38 464
200 352338338 64 11 325
200 32313427 7 32 466
200 186254464 58 57 67
200 867337017 43 20 148
200 39033678 38 25 29
200 41659471 43 34 338
200 913313676 6 69 407
200 819627285 13 20 468
300 153827948
300 84972704
200 432511862 14 19 437
200 25725399 3 50 234
200 938661108 28 23 471
200 928384221 33 0 120
200 932561250 50 51 1
200 331215635 63 30 358
300 25725399
300 268800513
200 53954908 62 39 295
200 348848549 23 68 392
200 968585994 32 13 201
200 779083803 15 36 270
300 341135285
200 996877182 28 53 125
200 758081983 11 66 62
200 491360572 28 65 291
300 365509940
200 552487971 35 8 62
200 54414096 24 9 175
200 376629129 11 10 460
200 935942750 34 11 489
300 307960413
300 293075295
200 600387371 49 12 346
200 670746104 32 43 367
200 500527313 47 68 360
200 522735750 8 25 129
200 380077735 33 32 230
200 754037892 38 31 357
200 485788299 49 14 470
200 348635608 42 53 39
200 1480497 41 2 188
200 500790630 0 67 333
300 145657311
300 81466376
200 570427027 15 16 222
200 403265984 46 49 491
300 897552956
200 21658807 37 24 70
200 566032468 36 61 215
200 634614461 21 46 428
200 205516738 30 23 173
300 890160003
200 882746561 33 18 342
200 38867132 12 19 471
200 560104325 59 58 84
300 760830611
200 672510608 34 37 495
200 174231817 63 44 328
200 346785758 40 35 457
300 501607177
200 852799821 69 60 320
200 90663954 30 43 229
200 175929091 41 40 70
200 62891120 4 59 447
200 660798825 63 66 316
300 955330861
200 172822020 0 41 299
200 54524845 47 52 152
300 174231817
200 7368536 32 61 411
200 937482929 7 40 184
200 879768294 8 69 493
300 641217383
200 439146101 35 42 88
200 139489946 34 57 281
200 776596843 25 36 58
300 112662545
300 750983291
300 749820889
300 54524845
200 634129968 18 23 223
300 320293711
300 432511862
200 119826645 41 22 168
200 136786298 16 11 49
300 911538593
400 12 21 302
300 228744751
200 898559214 34 35 233
200 325628783 25 68 414
200 916946476 20 37 487
300 812329699
200 900395731 39 38 466
200 779461888 38 23 499
200 259628985 21 64 424
200 296655822 68 41 301
200 370915023 51 6 254
200 978611724 22 17 63
200 197017493 35 40 128
200 57797434 66 51 153
200 959770507 49 24 178
200 718647512 40 3 439
200 926635057 57 68 384
200 756046950 46 11 449
200 110006535 25 14 288
200 398528026 12 23 109
200 398471403 43 36 302
200 471085240 50 41 167
200 205826705 17 42 356
200 49606982 44 37 393
200 147130983 39 8 226
200 226114372 8 53 39
200 826978285 27 64 332
300 491360572
200 7179416 48 55 195
300 210143099
200 32994543 19 36 438
400 45 34 264
200 311328199 65 44 464
200 707015130 8 39 29
200 427467179 23 42 226
300 1480497
300 902150429
200 1169684 26 31 99
300 346785758
200 52507995 39 60 368
200 934196670 38 57 369
200 116928255 21 62 214
300 847824107
200 566091250 48 47 405
200 345465699 53 30 494
200 5428560 4 47 167
200 420782793 69 48 4
200 294311582 24 49 401
200 646644831 9 40 198
300 552487971
200 665462994 58 3 69
200 701774531 1 18 134
200 69885232 32 33 467
200 84119849 1 22 148
200 340322174 48 29 133
200 138311103 15 34 218
300 566032468
200 768959410 30 15 133
200 905279523 63 62 174
200 97539344 46 65 139
300 867337017
300 465708376
300 500100825
200 296843219 37 34 126
200 337537536 28 59 137
200 32642039 61 60 426
200 41350292 16 41 55
400 24 61 165
300 107045205
300 382768597
200 446134504 54 59 411
200 336223745 31 66 232
200 553136886 52 49 135
200 799930565 59 46 264
300 585305897
300 223331115
200 350096742 44 45 173
200 501035015 47 0 38
200 380024932 42 65 63
200 780361357 25 20 24
200 261848658 8 23 217
200 294956611 15 20 62
200 55496368 56 29 79
300 296655822
200 460663143 67 22 10
200 929047620 32 29 167
300 871183802
200 305058123 59 50 58
200 456738200 16 39 151
400 16 29 165
300 352338338
300 929047620
300 96792041
200 902317730 68 37 157
400 68 21 152
200 79784154 48 23 233
300 52507995
200 323547705 1 56 28
200 773206094 20 21 245
300 24045815
300 745365647
200 25273435 7 30 490
200 516376168 4 57 435
400 24 23 123
300 336223745
200 973358710 58 5 473
200 298281687 41 66 278
200 47266804 8 37 347
400 10 47 179
200 722876012 42 9 203
200 59680373 43 12 484
300 1169684
200 114783552 54 1 463
300 905279523
200 383402551 61 18 190
200 593028564 28 1 59
200 78397501 29 64 400
200 602343746 48 43 419
200 530949185 47 30 240
200 982825526 38 5 433
200 432987543 59 32 118
200 872597940 8 41 115
200 743710877 55 44 184
200 97036322 66 7 481
300 680185996
300 996877182
200 352561695 21 54 366
400 5 10 172
200 370283767 51 16 106
200 759621524 38 63 411
200 562647805 47 16 424
200 978162946 0 25 17
200 727876147 9 28 242
200 613999328 44 3 223
200 876459545 25 50 496
200 794811566 60 5 55
200 787073373 45 42 228
300 885871288
200 502815688 30 1 295
200 931237729 65 18 56
200 54313174 4 49 53
200 911569335 63 38 166
200 494395220 54 9 127
300 770637973
200 748398747 3 46 290
300 5808154
300 913313676
200 49051972 14 65 395
200 291023853 37 66 308
200 709103666 38 51 145
200 849768611 37 62 254
200 100291984 44 33 287
200 23562761 67 10 132
200 877138654 20 63 489
200 255432095 67 50 242
400 45 32 124
300
100 80 90
340383602 19 1 231
833060312 1 2 105
733354414 2 3 87
175737460 3 4 73
143620522 4 5 83
94553808 5 65 485
70769510 65 39 3
145347820 39 24 269
582287074 24 9 251
567203016 9 69 265
295637534 69 59 295
794424932 59 31 109
319088922 31 29 379
827378624 29 57 361
963602390 57 15 191
97373916 15 64 333
615572050 64 22 495
171291576 22 13 289
500022414 13 0 95
78621268 0 52 457
659278474 52 26 271
786473648 26 33 225
614133830 33 36 187
637622988 36 8 37
769950146 8 30 259
590051496 30 21 361
854844158 21 40 299
317691972 40 28 393
42330106 28 45 91
273421728 45 46 313
488024758 46 12 399
36586172 12 35 165
162979122 35 38 63
341072280 38 77 65
810400622 77 67 443
138595892 67 71 477
368722282 71 58 255
28451984 58 6 57
342488358 6 20 59
473162924 20 27 377
726594722 27 41 167
246371976 41 42 69
195549662 42 11 339
352547876 11 63 33
850384602 63 18 75
814520704 18 73 249
842756502 73 44 499
61192860 44 51 373
496224274 51 54 495
16478072 54 50 85
391724622 50 32 259
571485204 32 55 461
889745994 55 10 387
296359536 10 49 317
408742406 49 23 203
401151116 23 75 317
784802178 75 25 299
129475688 25 37 293
917015230 37 56 191
202213892 56 47 401
106266554 47 61 363
624556384 61 62 433
684023414 62 60 195
934033020 60 16 353
914334450 16 17 27
415088472 17 66 357
567797550 66 48 263
62875124 48 7 65
920518442 7 53 83
314603600 53 70 345
824954598 70 68 91
345565804 68 72 269
357528674 72 78 43
81210440 78 74 145
330167710 74 43 167
934640612 43 76 141
695815834 76 34 403
125946176 34 14 281
527200598 14 79 431
35191388 79 19 125
649227730 22 71 97
226604558 66 3 125
797132298 14 63 485
462332870 58 27 417
790621506 38 39 241
195017854 34 35 281
995312506 14 31 269
599328822 74 75 445
13196978 38 71 469
115280110 50 51 361
400 78 79 290
200 346201766 72 49 167
200 240919349 61 66 52
300 786473648
300 850384602
200 429049110 24 65 171
200 489636197 45 34 232
200 129096138 46 31 313
200 880704987 27 40 6
200 771753448 4 61 83
200 218180865 9 78 292
200 256668150 42 43 337
200 157867095 39 68 390
200 342321524 48 41 391
200 649020765 53 10 424
200 786650594 38 23 9
200 117105555 67 32 146
200 41193664 76 69 451
200 453985913 65 70 432
300 488024758
200 607034708 64 9 7
200 798859709 69 26 40
300 62875124
200 134653864 52 77 315
200 512088513 73 46 84
200 899994038 42 75 45
200 24287511 55 52 358
200 433930548 48 9 199
200 137473565 5 74 212
200 959204258 22 7 277
200 148257875 19 64 466
200 710368896 60 37 111
200 10548537 17 6 304
300 195017854
200 501962004 16 9 203
200 352545405 69 42 16
200 404486274 54 55 17
200 582962099 19 48 170
300 814520704
200 257066358 24 49 127
200 153953093 77 34 84
200 338851370 62 47 9
300 195549662
200 962536649 1 54 120
200 83044510 50 35 193
200 445507167 15 12 450
400 75 72 370
200 488926519 39 20 298
200 131086548 48 25 79
200 968880957 11 40 62
200 983482152 20 29 491
200 987722561 25 78 116
200 866805046 74 59 113
200 573043863 23 52 330
300 784802178
200 119417322 30 63 241
200 126967675 49 38 232
300 137473565
300 28451984
200 56292186 30 79 349
200 750820139 27 72 202
300 983482152
200 510724302 50 67 229
300 36586172
200 848509949 5 10 36
200 473045506 70 23 41
200 765684019 3 64 378
300 695815834
200 456969974 26 75 33
300 914334450
200 496567493 19 0 426
200 129183440 60 53 115
300 340383602
200 783899655 29 66 428
200 885348122 46 79 453
200 563773931 59 72 414
200 103766968 4 77 327
300 590051496
200 37323407 79 28 114
200 929342156 56 33 51
200 226406229 13 66 92
300 614133830
200 759968672 12 21 443
300 810400622
200 985340439 71 20 286
200 203300916 16 41 471
200 63178525 21 42 220
200 331719330 70 39 465
200 846381395 57 30 240
300 341072280
400 27 8 -1
200 691610999 7 4 98
200 409790996 44 69 307
300 827378624
300 345565804
300 769950146
300 848509949
200 596198273 25 14 80
200 333163638 26 11 485
200 847105239 45 50 420
200 710784810 78 15 393
200 431028667 27 8 386
300 129475688
200 488604574 32 73 183
300 78621268
300 330167710
200 523363065 33 6 228
300 929342156
200 478044628 32 25 303
200 622171709 69 74 320
300 433930548
300 847105239
200 821054078 34 51 141
200 707698879 63 44 182
200 964318268 8 65 79
200 234977029 29 34 368
200 431174890 28 53 115
400 8 1 -1
200 141935112 68 13 411
300 573043863
200 448957471 31 60 14
200 352226332 24 1 175
300 962536649
200 162128003 25 62 448
300 257066358
200 115416588 72 33 31
200 219224981 29 18 312
200 781437242 44 21 179
200 33554969 7 36 198
400 51 32 410
200 709001263 31 12 282
200 712905196 40 49 391
300 162128003
200 905913235 67 0 246
200 492861632 12 69 351
300 987722561
200 757715895 23 68 162
300 959204258
200 649703306 60 21 227
300 968880957
300 33554969
200 654029397 19 32 238
200 256969888 76 21 495
200 686524121 17 70 192
300 409790996
400 19 48 0
200 40911087 21 10 288
200 723188130 36 61 267
200 704407585 25 46 428
200 748526742 72 17 303
200 81965797 35 16 246
300 357528674
200 174478598 40 65 255
200 825217813 29 50 160
200 464757946 78 47 113
400 10 27 145
300 757715895
300 527200598
200 53621294 18 51 9
200 314332591 15 76 146
400 75 24 -1
300 771753448
200 539112821 29 2 16
300 81965797
200 135675968 54 39 145
200 314645699 35 32 270
200 29819184 28 21 367
300 783899655
200 11380199 39 4 94
200 89771716 64 73 3
300 94553808
200 456907723 43 24 346
200 333454872 36 45 411
200 582048881 9 14 464
300 61192860
200 615626540 56 49 267
200 960788021 77 2 64
300 496567493
200 68849152 44 5 259
200 649222841 1 38 208
200 739776206 66 19 349
300 790621506
200 106988029 59 24 222
200 365545704 4 45 427
200 741969921 79 60 18
300 129183440
200 840708978 68 45 95
200 449902897 47 76 14
200 746377452 36 77 243
200 208473697 57 46 148
300 56292186
300 500022414
200 585186898 18 35 493
200 507369615 47 44 2
300 218180865
200 847161282 6 55 397
300 295637534
300 10548537
200 293386047 53 26 56
200 719323954 70 71 373
200 120018851 35 64 182
200 816406672 10 11 193
200 516868807 45 2 144
200 828158682 78 31 149
300 429049110
300 117105555
200 529265015 61 50 288
200 453608522 46 63 417
300 797132298
200 492934505 71 4 290
200 536034308 58 43 221
300 143620522
300 880704987
300 750820139
200 430994097 63 28 378
200 119793260 24 17 83
300 346201766
200 784369171 57 62 388
200 462166 58 75 293
300 70769510
200 832920741 35 0 382
300 709001263
200 443381190 40 17 263
200 340558037 3 32 390
200 43978528 60 5 399
200 857367385 65 22 256
200 804266846 64 25 159
400 12 69 0
300 712905196
300 129096138
200 70457592 52 61 135
200 788364241 31 28 326
200 374943756 72 1 383
300 174478598
200 876995635 51 64 434
300 596198273
300 293386047
200 907686396 6 23 69
200 492551651 51 48 406
200 990930384 12 53 255
300 985340439
200 534543623 23 4 218
200 260654948 30 47 449
200 921241835 1 70 428
200 286547854 0 9 11
200 446967229 11 8 362
300 453985913
300 63178525
200 937636676 0 57 271
200 242417133 37 58 252
200 922669106 4 13 119
200 607485681 79 44 126
200 253009836 8 33 435
200 443347125 3 0 10
300 431028667
300 449902897
200 14731676 6 7 85
200 981832707 41 30 280
200 212856070 56 17 63
200 553558805 35 48 370
200 370099296 10 75 25
300 492551651
300 153953093
200 137471843 57 14 124
200 430016486 54 7 133
200 893286163 41 14 24
200 103003222 52 29 279
200 14711825 43 40 46
300 582287074
200 623241598 50 19 45
300 832920741
200 224702317 53 42 408
200 302128050 22 23 49
200 469244451 3 16 338
200 612655376 74 27 161
200 232138055 55 68 278
200 194535076 0 73 123
400 60 53 235
300 847161282
300 296359536
300 684023414
200 739531470 34 3 333
200 487733711 37 74 256
200 368066562 22 55 9
200 93003571 9 46 4
200 819737846 70 7 313
200 602257635 9 62 292
300 624556384
200 116622572 56 1 207
300 981832707
200 320296083 25 30 408
200 112232406 58 11 121
200 110493367 77 18 120
200 860066954 14 15 225
300 302128050
200 118007465 17 38 236
200 826379518 32 9 79
300 131086548
400 10 75 0
300
100 80 90
667259833 16 72 146
295202039 72 35 8
10067301 35 51 398
557384323 51 29 236
40526289 29 44 142
972435151 44 71 168
817785597 71 55 318
841981915 55 49 228
333961961 49 0 282
846547367 0 59 404
68916117 59 26 350
838963251 26 53 280
323510017 53 61 390
202841471 61 31 396
986830125 31 15 326
812004235 15 73 356
42094105 73 40 102
31366743 40 67 444
171758533 67 3 210
205239267 3 45 240
536348721 45 12 254
400895023 12 70 388
317724509 70 54 46
788599611 54 1 24
133688649 1 25 370
490719495 25 75 72
472200693 75 27 78
838654355 27 76 140
104619361 76 4 118
837825247 4 30 240
511138189 30 78 470
631979755 78 32 140
392935545 32 56 54
274268087 56 18 496
861752869 18 34 274
89129283 34 36 112
446193297 36 60 462
79925135 60 38 84
145716157 38 39 294
141197467 39 17 48
851488681 17 48 74
793068135 48 10 84
365070421 10 74 178
869304563 74 28 496
334091713 28 68 462
826243135 68 47 132
745967085 47 63 426
154420299 63 41 220
446288601 41 65 438
182423831 65 50 352
650292869 50 2 422
312363171 2 20 236
291726577 20 21 386
681503983 21 23 368
177504285 23 22 474
764302331 22 33 4
972352521 33 57 46
549645255 57 42 64
686866613 42 11 138
282369619 11 37 312
513305121 37 77 286
551349663 77 14 92
862417485 14 46 290
270774187 46 64 56
740597049 64 8 326
189420151 8 19 220
698334949 19 66 94
327059971 66 52 100
259070801 52 69 190
5194831 69 6 20
27030141 6 7 162
281316699 7 24 496
88177257 24 9 426
831571239 9 58 8
820160789 58 43 202
630631859 43 5 248
365642369 5 13 146
523984127 13 79 68
769787565 79 62 266
778849035 62 16 248
331276697 49 70 384
905033029 13 50 36
198803889 57 62 452
751465181 5 26 380
12864713 65 70 284
33205621 29 50 160
868876513 57 46 28
115573005 21 10 500
380649977 33 70 500
612771237 13 18 128
400 9 30 390
200 588629309 53 42 152
300 365070421
200 375511336 68 61 195
200 222785345 31 60 338
300 205239267
200 879053234 38 55 353
300 838654355
200 867510385 79 60 102
400 43 24 476
200 306934087 39 4 66
200 731749540 0 57 391
200 813425613 37 42 276
300 400895023
300 879053234
200 362506446 50 51 181
300 306934087
200 178640893 69 74 12
200 701441026 22 7 465
300 115573005
200 931369473 41 14 148
200 640399606 26 75 281
200 910616919 7 4 498
200 710785140 16 57 151
200 508181085 37 74 296
200 340951266 52 45 19
200 302846049 25 78 500
300 817785597
200 77711068 40 17 63
200 88393509 45 50 100
200 929451146 78 31 97
200 807375259 75 40 442
300 42094105
200 45123326 2 67 317
200 154348863 63 12 266
200 26463932 40 33 499
200 748843397 13 34 152
200 884341098 78 63 409
300 867510385
200 660160265 17 54 376
200 61922270 50 67 61
200 369580191 47 28 222
200 785153180 72 65 491
200 614269413 3 48 154
200 301239920 76 53 263
300 177504285
200 75911207 55 20 38
300 910616919
200 648755130 12 53 303
200 258176153 65 38 288
200 213917486 50 3 25
400 62 15 377
300 820160789
400 75 72 453
200 532194183 7 36 478
200 676492260 0 25 255
300 270774187
200 583296875 27 40 422
200 837365048 36 77 411
200 938347281 25 14 120
200 78057926 74 43 133
200 896897767 71 20 194
300 686866613
200 69270394 46 15 157
200 359719627 11 24 322
400 39 36 476
200 803881251 3 32 206
200 306643984 28 5 463
200 61232265 65 6 144
300 78057926
400 35 32 262
200 114022431 63 44 298
300 31366743
300 905033029
400 23 4 -1
200 831912067 35 16 470
300 764302331
200 714823046 58 75 409
300 61232265
200 737750421 35 32 406
300 588629309
300 778849035
200 411788284 8 1 231
300 365642369
200 112254947 19 16 414
200 855693264 28 21 399
300 291726577
200 839428359 55 52 294
200 940215652 0 73 163
200 741678989 5 58 248
200 648261970 4 45 219
300 340951266
200 31109007 31 12 222
300 61922270
200 21224130 54 71 369
200 784137971 19 32 82
200 419339424 12 5 191
400 24 1 418
200 106296984 18 19 65
200 244911343 79 76 198
200 796105644 24 49 435
200 65993909 13 66 96
200 613781466 62 47 157
200 3925419 59 8 262
300 281316699
300 640399606
200 927171348 64 57 155
200 547914365 43 24 302
200 198921064 34 35 277
200 943665919 53 10 84
300 222785345
200 821976152 36 29 383
200 57843121 47 44 426
300 312363171
200 447644514 54 23 489
300 940215652
200 187210977 9 14 424
200 839457366 40 65 91
200 385709477 77 2 292
200 498005258 14 15 209
200 40570907 17 38 204
300 187210977
200 226789572 14 47 49
200 543129035 49 22 392
200 521043438 50 19 333
200 256402031 79 44 174
300 831571239
200 110191906 6 23 397
300 33205621
200 160442785 41 30 268
200 889955350 26 43 477
200 875613687 23 68 282
300 446288601
200 473912010 62 63 325
200 915026139 59 72 466
200 136424680 52 77 363
300 490719495
200 67245183 63 28 150
200 848243964 40 49 195
200 290055877 61 2 460
200 41005994 14 31 109
200 33039419 7 52 178
400 67 32 4
200 84229599 15 12 218
200 810810076 4 77 51
200 987857297 37 58 272
200 510322626 6 39 349
200 275069427 67 64 298
200 88569248 12 37 263
300 202841471
200 589315095 55 68 202
200 31425588 64 25 303
200 603449629 21 42 68
200 855661218 68 77 499
200 156205857 79 12 50
200 709327516 36 61 175
200 842743377 73 30 148
300 419339424
400 59 56 208
200 144008743 77 66 420
200 756590010 60 69 87
300 613781466
200 419098327 61 18 268
200 458321706 30 47 109
200 52337595 59 24 130
300 523984127
200 373668766 18 35 489
200 365523807 15 28 250
300 327059971
200 215962578 66 35 273
300 510322626
200 854765117 69 58 152
300 547914365
200 111320104 66 67 461
300 110191906
300 793068135
200 523559627 27 56 358
200 813475608 52 61 251
200 595984753 25 62 260
300 650292869
200 129836588 8 49 247
300 333961961
200 142107347 35 64 198
200 738241792 44 37 283
200 653385657 7 68 158
200 368087444 32 9 143
300 79925135
200 72368603 49 6 136
200 354907198 66 51 229
200 282170239 27 72 30
300 889955350
300 603449629
200 603332468 16 41 335
200 813395293 11 8 238
200 228022728 20 77 303
300 831912067
300 929451146
300 986830125
200 979006699 1 38 272
200 415992206 28 69 411
200 969145257 39 20 490
200 734653764 64 9 295
300 171758533
300 52337595
200 983754969 49 38 52
300 274268087
300 160442785
300 369580191
200 214960528 74 75 461
200 754311623 55 4 2
300 258176153
200 7760346 46 63 109
300 136424680
200 229173561 49 54 68
200 728501070 66 3 45
200 335802447 31 76 318
200 691980684 8 65 399
200 673180437 29 18 232
200 296311994 46 31 225
200 141735691 75 24 170
300 511138189
200 223687726 34 19 17
200 358015919 63 60 26
200 149757804 24 33 287
400 4 13 -1
300 728501070
200 570403738 46 47 157
200 846706795 1 6 204
200 323243278 62 31 25
200 738744859 27 8 410
200 834573608 16 73 259
200 781044589 21 58 156
300 551349663
200 566386712 4 29 395
200 333326961 31 28 210
200 853520172 22 55 265
200 994161107 35 0 406
200 97270784 60 37 251
200 1059001 17 70 324
200 773082830 32 73 243
200 705717245 1 70 332
200 807634238 50 35 405
300 756590010
200 942851117 37 26 272
200 90579314 54 39 5
200 625135843 3 64 374
200 412042448 26 59 317
200 814546951 77 34 144
200 926041882 30 15 157
300 473912010
400 8 49 0
200 50259896 52 13 431
300 302846049
300 290055877
200 608726205 69 42 412
300 331276697
300 215962578
200 29991678 14 63 85
200 318800203 27 24 26
300 532194183
300 812004235
300 612771237
200 491691882 76 69 375
200 654819593 41 78 468
200 693585302 10 59 125
300 359719627
200 9730533 29 2 12
200 964770890 26 27 61
200 812598823 67 48 214
200 698264928 76 37 359
300 458321706
300 57843121
200 426738757 13 2 424
200 541823786 60 53 131
200 457422281 61 66 384
200 594797210 28 53 231
300 114022431
200 116270647 39 52 246
200 226760660 30 79 97
200 825111835 61 34 60
200 432185722 44 21 483
200 182568281 17 6 396
300 738241792
300 142107347
300 154348863
200 73102864 44 53 483
300 508181085
200 491104327 23 4 70
200 68808100 32 57 299
200 955943117 23 20 342
200 324620180 60 5 379
300 67245183
200 86753703 29 34 148
200 295183674 8 17 439
200 309159365 9 78 132
200 106876006 42 43 365
200 156896007 11 72 190
300 972352521
400 45 66 136
300
100 90 100
919741440 50 78 485
58160662 78 30 127
607060252 30 49 357
451135634 49 61 99
800232440 61 81 461
560684238 81 23 319
846362772 23 60 465
341702858 60 79 279
816880 79 52 449
29644934 52 10 427
26792716 10 56 129
360118274 56 67 499
702521064 67 21 369
106566462 21 14 247
83537028 14 5 157
458860090 5 16 163
538362848 16 75 145
69561590 75 45 239
667625724 45 74 469
28107634 74 48 99
337205720 48 24 481
442189230 24 63 343
18150004 63 88 317
444122538 88 82 179
631562960 82 25 413
38908774 25 26 51
630815980 26 27 169
464292578 27 8 47
569613512 8 70 229
889582622 70 85 495
478193764 85 86 165
123543834 86 32 87
181102528 32 84 17
43026902 84 34 219
993916636 34 57 89
2579026 57 43 127
637388216 43 76 265
102126734 76 72 59
18640980 72 44 469
587418762 44 41 495
358151344 41 37 89
900581446 37 73 39
279760076 73 66 25
885670850 66 6 423
766956712 6 42 33
796116222 42 15 247
358042180 15 3 117
69331450 3 36 227
303542688 36 2 329
695258294 2 19 263
188022460 19 89 429
439085362 89 38 299
757609880 38 4 285
629808494 4 53 327
815122996 53 55 41
530236266 55 69 135
39207056 69 47 485
687197478 47 17 411
31820972 17 54 73
802717858 54 12 7
418099848 12 39 5
492537310 39 62 159
482799652 62 33 177
242538714 33 9 375
462318464 9 65 165
307139478 65 18 103
764245660 18 80 325
72471570 80 28 259
740655480 28 20 221
121179214 20 46 99
107227156 46 22 241
964110922 22 0 423
224342640 0 87 409
477924358 87 31 19
414956684 31 64 165
916724098 64 13 447
42612328 13 77 429
651848894 77 1 127
376912900 1 11 189
79921594 11 40 91
757568864 40 59 261
756121718 59 68 119
264199804 68 7 349
275506418 7 71 159
582879064 71 83 257
531332910 83 51 67
949248500 51 35 197
365986090 35 58 451
711707216 58 29 81
506046182 29 50 363
279403628 54 89 455
408600136 38 87 195
887107044 10 47 351
685453120 54 75 79
994227804 14 13 327
971622200 68 35 71
980342228 20 53 79
547986480 48 83 183
92643916 14 53 67
122640424 74 49 295
400 16 37 478
200 285634336 60 49 195
300 949248500
300 122640424
200 522806533 71 34 32
200 383385322 80 17 197
200 233714811 71 28 270
200 597395976 34 33 247
200 66286241 23 40 192
200 837754134 20 55 457
300 279403628
200 648263013 21 34 4
300 242538714
200 761485808 16 57 375
200 139883241 67 30 40
200 563384382 82 79 469
200 387347839 17 68 110
200 872425468 54 73 159
200 181253573 5 10 284
300 757568864
400 63 22 370
200 327412539 1 10 394
300 123543834
200 644870430 20 41 457
200 991319263 19 86 50
200 326713308 8 73 163
400 56 23 428
200 594399060 36 39 55
200 968657853 19 24 284
200 315811010 44 21 13
200 654808819 1 2 178
200 473364128 58 47 383
200 298923225 9 56 144
200 658042478 72 89 341
300 69331450
400 32 1 430
200 556747692 76 47 227
300 464292578
200 420298835 41 56 318
200 38168192 50 79 383
200 106064697 89 46 192
200 554837838 16 79 449
300 106064697
200 146218621 21 26 144
200 568048258 42 11 461
300 18150004
200 562696321 47 0 340
300 695258294
200 69361020 26 43 235
300 482799652
300 687197478
200 147397041 45 56 104
200 858871782 32 19 369
200 522842247 15 8 382
300 492537310
300 188022460
200 987034688 74 21 79
400 84 71 -1
300 72471570
200 711354638 36 51 69
200 976190735 7 62 382
300 420298835
300 414956684
200 980818728 44 13 99
200 335087425 73 58 132
200 692801846 70 33 109
200 288231063 55 74 166
200 53188788 88 15 335
300 757609880
200 446454139 37 70 178
300 506046182
300 802717858
300 69561590
300 31820972
400 63 38 -1
200 568544043 69 14 466
300 2579026
300 685453120
200 929590420 22 67 167
200 540733437 33 88 96
200 280012290 44 7 349
200 135490867 61 34 78
200 57912288 6 73 399
200 886063897 23 10 436
200 883329454 72 7 449
200 462499631 19 52 346
400 83 48 -1
200 67709959 37 14 466
200 280225380 52 71 95
200 721193613 7 36 188
200 66212434 4 5 149
200 204611139 15 44 382
200 731929776 56 45 463
200 80433321 51 48 104
200 608012542 62 23 353
200 732595519 43 22 58
300 644870430
300 204611139
200 626922392 28 77 39
200 502525937 19 32 164
200 223189798 18 33 29
200 556224199 73 68 222
200 359149092 32 21 43
200 427453773 85 72 468
300 146218621
200 339552632 70 87 263
400 24 29 -1
300 298923225
200 215177734 12 7 429
200 98740263 11 74 190
200 479164932 52 75 51
200 856588717 57 4 412
200 36246258 56 63 193
200 168494179 39 66 266
200 126707792 14 31 433
300 568544043
200 897440885 41 66 140
200 402781338 32 45 93
300 631562960
300 102126734
200 904221239 35 86 10
200 711220692 86 17 327
300 608012542
200 253941531 61 44 26
300 568048258
200 207891582 44 27 181
200 777747135 73 26 14
200 870284348 14 43 483
200 437133573 33 12 292
200 921496810 4 25 499
300 365986090
200 981507655 89 64 230
400 31 34 -1
300 303542688
200 400168141 9 32 216
200 830016914 78 39 13
200 109353603 65 44 366
400 81 54 -1
200 654768091 55 42 378
400 33 60 425
200 605857843 61 22 90
200 698609888 20 1 47
200 225105433 17 18 360
200 37275310 50 1 393
200 547950639 47 48 238
200 270566380 10 77 67
200 978263541 71 48 308
300 57912288
400 71 22 171
200 960908523 39 30 242
200 827200184 52 41 111
400 46 25 342
200 845196208 14 41 451
200 561049001 19 14 468
200 36294654 34 85 177
200 670003263 19 48 298
200 783088572 36 1 75
200 335301765 37 4 36
200 290583146 64 75 177
400 70 47 286
200 377259426 62 39 285
200 143780947 21 44 206
200 328224384 24 27 479
200 112338233 55 64 140
200 281883982 24 29 241
200 46489167 81 72 166
200 799687564 36 73 103
200 604765461 79 58 404
200 341761210 58 89 149
200 6576395 21 80 264
200 184063022 50 89 21
300 560684238
200 627560669 59 84 266
200 335006536 36 57 311
200 92864225 49 68 468
200 373524566 28 87 469
200 698766135 45 60 218
200 868283092 84 45 19
200 431629117 45 82 444
300 605857843
200 672247592 84 19 467
300 107227156
300 181102528
200 934368109 65 88 284
300 67709959
300 288231063
200 258572270 30 75 129
200 758837359 13 66 194
200 580528428 80 15 3
300 143780947
200 561255379 37 56 468
300 921496810
200 484586268 82 53 467
200 100840549 65 80 332
300 993916636
200 299138288 58 25 447
200 316009449 59 14 472
200 352085310 20 77 381
200 69299327 15 30 110
200 657218300 30 39 399
200 147141829 37 82 136
300 883329454
300 692801846
300 207891582
200 19350252 86 31 335
300 442189230
300 225105433
200 700635233 1 4 108
300 978263541
200 662879452 18 51 427
300 439085362
200 432870467 17 14 234
200 884800176 76 29 299
300 339552632
200 725957479 9 82 342
300 479164932
200 122734074 12 35 77
200 591930187 49 78 386
200 637792664 38 51 359
200 166319601 23 4 12
200 362113318 82 1 461
200 365833927 65 26 210
300 538362848
300 473364128
200 653043584 74 69 31
300 39207056
200 306908023 83 30 90
300 373524566
200 808650314 70 29 273
200 556974171 41 84 190
200 400224872 88 47 331
200 394032001 43 20 180
200 246633078 10 7 61
200 115164887 7 12 370
200 793501172 52 15 135
200 380629981 83 50 196
200 133089378 86 81 233
200 889452051 45 8 310
200 523936064 56 11 115
200 5102841 89 4 496
200 643169806 30 57 53
300 358151344
200 466601533 39 2 480
300 556747692
300 328224384
200 20232830 26 55 97
300 904221239
200 401978989 59 8 296
300 147141829
200 880732440 68 25 7
200 978505585 65 46 496
200 239393958 48 11 125
200 402516551 47 8 278
200 231160740 6 89 443
200 23897293 5 2 200
300 38908774
200 561430264 10 37 275
200 124241361 19 2 228
300 796116222
200 409641484 22 87 319
200 586580373 33 2 4
300 408600136
300 43026902
200 58432502 34 23 489
200 796191831 55 14 378
200 393891188 20 49 467
200 412910941 31 72 224
200 129594338 32 65 201
200 67818387 3 2 150
200 799631552 80 31 151
200 172975737 35 46 32
200 893712270 60 23 125
200 169368975 13 72 394
300 522806533
200 803356866 62 71 81
400 36 9 -1
200 88950522 4 57 15
200 539277017 37 30 276
200 375458414 28 15 125
200 324442107 43 58 296
300 887107044
400 27 46 -1
400 72 67 309
200 812832406 66 11 161
300 109353603
300 324442107
400 38 65 363
200 603454794 14 25 93
200 939446619 67 4 150
200 512748392 26 77 23
200 760667265 41 20 392
200 16284022 84 21 421
200 995070423 65 8 178
300 341761210
200 993449002 20 25 351
200 411681993 15 46 260
300 184063022
200 965939940 58 11 223
400 56 13 233
300
100 90 100
594508487 74 70 384
230516661 70 39 422
859512147 39 26 240
91076385 26 7 454
17928863 7 40 208
574749005 40 6 198
794838187 6 11 408
463508537 11 20 30
632856951 20 32 328
516512741 32 63 450
745012995 63 73 440
630518353 73 4 174
844657487 4 56 320
121734013 56 14 78
196193371 14 44 104
710853993 44 16 406
934335527 16 47 72
64568341 47 53 446
180582067 53 19 80
410521473 19 46 326
231965183 46 60 60
586236845 60 12 390
516186123 12 23 416
384274073 23 79 70
422777559 79 25 76
586521669 25 3 342
966979683 3 37 416
582277297 37 88 438
36234927 88 86 296
193214941 86 51 426
830693307 51 31 92
369694665 31 41 326
920280455 41 33 132
316743285 33 34 134
267138579 34 21 28
336481761 21 69 202
341025119 69 13 92
387778573 13 10 46
496610155 10 36 272
437650169 36 87 126
362577463 87 81 184
522475173 81 43 242
296372163 43 18 400
856125201 18 61 258
114892303 61 22 196
608111677 22 27 222
957156635 27 15 180
311171625 15 45 170
341762279 45 49 392
604104405 49 50 294
537746291 50 82 428
679347777 82 89 294
869213887 89 78 436
828196461 78 54 82
399700171 54 55 464
913544025 55 38 358
26693527 38 0 416
163051269 0 84 466
399901987 84 57 56
94680433 57 62 238
316010863 62 30 264
215636125 30 77 158
561062011 77 76 352
436194441 76 65 222
558235719 65 5 460
839461173 5 24 490
464812755 24 67 172
61449377 67 68 450
320737823 68 85 96
494510285 85 17 226
385339947 17 35 380
176383929 35 64 322
117147383 64 59 316
937641829 59 9 234
850640003 9 75 152
899984337 75 83 118
560105679 83 2 412
45648637 2 66 294
681731035 66 52 196
310128361 52 80 198
466805671 80 48 260
968787861 48 72 302
17039411 72 42 404
917055745 42 8 154
474871679 8 58 96
416970029 58 71 462
372288907 71 28 252
139955737 28 29 154
316061783 29 1 96
866352581 1 74 430
570467299 45 72 330
485211183 51 44 298
559811899 65 0 6
829580039 73 42 270
69486995 59 10 378
238474975 19 28 290
775600363 83 86 126
728111543 1 68 398
682591555 27 0 182
414495631 3 20 94
400 51 0 372
200 946316903 25 56 394
200 833954628 88 5 443
400 16 69 418
300 215636125
200 48068146 28 87 445
200 659030691 51 72 378
200 327819152 64 67 431
300 594508487
200 834293703 21 86 486
200 990202148 24 31 491
300 267138579
200 908222379 39 70 462
400 87 14 402
200 730678275 7 58 498
200 152801648 60 45 443
300 69486995
200 490888999 55 4 114
200 819336452 42 61 239
200 585017005 35 36 144
300 64568341
200 848662616 0 63 411
300 586521669
200 944869807 41 64 10
300 828196461
200 30737250 38 19 377
200 516223251 23 76 22
300 899984337
300 152801648
300 586236845
200 412555986 68 77 205
200 564642499 21 58 142
200 399623472 62 35 315
300 17039411
200 737373159 1 88 34
200 57960644 2 11 247
200 249932141 77 40 412
200 660310962 36 63 141
200 237830179 13 80 414
300 968787861
200 697078182 62 7 337
200 402393927 53 66 22
200 201477796 22 45 235
200 821003213 33 66 364
200 30179474 38 45 441
200 975452035 75 46 162
200 492602096 20 25 199
200 322779113 77 84 200
300 316061783
200 780903556 62 17 175
200 580428333 65 34 44
200 458333042 60 33 69
200 15034595 57 0 202
200 905323728 30 63 423
200 322947657 55 86 40
200 716975134 52 9 417
300 604104405
300 585017005
200 684760555 59 8 378
200 301205432 2 71 71
200 309861265 75 4 232
200 139184710 74 41 313
200 694642535 13 4 122
300 362577463
200 775922170 58 83 209
200 799889739 21 88 330
200 84206488 38 43 27
200 629173233 17 22 132
200 301270310 58 45 457
200 947280583 37 36 210
200 602662948 12 63 367
200 355319629 79 82 188
200 170560530 22 5 233
200 585350915 13 16 310
200 642703472 34 25 55
200 789998441 1 24 88
200 413101758 24 15 341
200 722425855 77 18 222
300 585350915
200 16817394 24 27 61
200 741795427 73 48 434
300 741795427
200 891346662 38 63 479
200 753411189 63 76 172
200 987891866 60 9 373
400 52 5 -1
300 30737250
200 790263096 20 81 51
200 859381521 21 38 380
200 202603974 28 69 293
200 502869223 85 86 122
200 812143044 88 31 347
200 551160941 67 28 408
200 688516274 36 71 73
300 437650169
200 866556785 25 38 8
200 272056998 2 35 469
200 448665159 35 8 162
200 844557732 12 35 403
200 517039821 85 6 404
300 372288907
200 886602488 24 75 139
200 439114705 49 30 48
200 910437766 32 15 397
200 655227303 51 76 110
200 765182852 24 23 443
200 898448173 9 14 48
300 602662948
200 608092376 70 81 187
200 64777777 79 36 460
200 640143974 36 75 181
200 663438087 29 42 330
200 299791716 36 43 163
200 537575309 33 40 444
200 10627410 40 15 237
200 876772163 43 86 422
200 320060336 38 33 43
200 451455401 87 60 368
200 366967294 32 49 397
300 410521473
400 84 65 355
200 122746300 28 47 455
200 190766725 73 34 160
300 640143974
200 922781584 78 69 55
200 423580169 81 36 492
200 378373342 76 51 277
200 683567007 37 0 386
200 76265372 36 23 455
300 170560530
200 114337283 73 12 154
300 387778573
200 912941318 34 13 129
200 378107175 3 16 218
300 436194441
300 201477796
200 610685536 74 53 463
200 252528537 67 12 336
200 893487150 8 43 481
200 534884783 33 70 426
200 416865644 78 79 51
200 894281589 71 36 316
300 301270310
200 151270976 76 35 63
200 435253753 19 42 84
200 72341262 26 39 485
200 114690831 15 64 298
200 22979404 70 85 191
200 359067605 21 50 320
200 370193530 8 15 81
200 546830283 45 80 486
200 441291800 48 41 11
200 665423473 25 26 76
200 547905446 26 43 205
200 354872135 27 34 158
200 126323876 4 49 195
200 387926477 71 16 192
200 356770962 70 53 309
200 476654979 75 64 398
200 586883312 78 47 243
200 538159081 43 42 36
300 385339947
200 38948484 20 55 499
400 70 23 246
200 309220604 34 7 267
200 459837637 61 44 372
200 972385194 58 3 457
200 40364091 77 38 106
200 607599816 2 51 15
400 20 17 334
200 996029376 2 67 451
300 694642535
200 35958967 3 76 454
200 603334228 76 53 139
300 121734013
200 897401243 19 58 342
200 837279912 78 33 219
200 97728705 23 20 220
200 236606134 84 43 491
200 878958469 61 34 340
200 449327978 68 31 285
300 448665159
200 694396169 5 32 388
200 502432222 60 25 9
200 917033631 57 26 366
300 180582067
200 358477842 88 63 477
200 827976451 29 70 222
200 52709488 10 19 371
200 954419049 61 76 124
300 163051269
200 1760772 2 53 499
200 281647533 55 32 236
200 243124978 4 13 389
200 100326499 81 44 302
200 403614288 78 3 51
200 163472329 51 54 428
300 897401243
300 516223251
200 133751450 64 77 349
200 985012075 79 86 436
200 541665294 54 23 161
300 954419049
300 558235719
200 82240795 23 32 190
200 702333480 44 5 77
200 912787647 7 88 110
200 998208572 84 3 439
200 478610181 63 56 84
300 580428333
200 522108432 6 73 167
200 776359561 43 20 184
200 555803998 44 89 189
200 405964831 55 0 26
300 403614288
200 912718738 42 39 301
300 238474975
300 844557732
200 43988175 81 20 474
200 140988940 2 19 215
200 368663957 49 46 366
200 25637600 28 79 457
200 687517271 47 22 78
300 632856951
300 485211183
300 912941318
300 114337283
200 449556972 62 81 275
200 515585525 53 60 344
300 730678275
300 917055745
200 860731094 42 41 445
200 630198199 63 42 42
300 399901987
300 683567007
200 173220784 22 31 435
200 73186217 33 10 200
200 989595646 64 61 205
200 164022335 31 56 264
200 632724530 70 71 45
300 541665294
200 552631025 55 30 432
200 898808358 16 75 177
200 693612999 39 54 98
300 449556972
200 468596186 16 3 465
200 196973995 63 16 26
400 81 58 304
200 531574787 7 6 410
300 126323876
200 343486214 48 3 401
200 708629427 83 42 442
200 156711520 68 39 11
300 40364091
200 341739991 5 82 466
300 466805671
200 302540842 62 65 409
200 539305659 13 86 374
200 152388424 8 39 371
200 793679585 59 86 84
200 890814550 30 61 257
200 842312503 51 46 310
200 510388948 86 47 107
300 309220604
200 579045915 83 0 310
200 155920168 22 59 155
300 281647533
200 778943935 9 82 98
300 684760555
200 229421490 48 45 445
200 488355363 59 76 174
200 614656812 10 57 439
200 41296949 47 20 194
300 859512147
200 537610774 26 9 1
300 237830179
200 86821989 69 52 8
300 249932141
200 728691952 80 27 183
200 375686121 15 18 452
200 548838718 6 87 265
300 586883312
200 63136813 45 30 456
200 298055538 46 53 201
200 74091235 27 68 322
300 354872135
300 844657487
200 649228524 58 5 499
200 37299445 59 34 344
200 854228762 38 55 41
200 270155755 63 28 126
300 61449377
200 652178062 34 17 241
200 583895695 53 18 262
300 878958469
200 973283778 40 85 173
200 659089907 9 18 90
200 856188320 32 13 67
400 44 3 59
400
100 100 200
525502511 0 29 184
539153245 29 75 174
367537979 75 30 28
926233417 30 24 442
98687751 24 44 192
151927797 44 2 166
932227987 2 50 292
70408545 50 72 462
151476447 72 41 500
808864653 41 79 478
237774059 79 42 368
648361081 42 69 218
387950007 69 96 304
582126117 96 67 58
687368003 67 86 80
805657233 86 17 70
296334735 17 52 24
696973757 52 23 318
31066267 23 3 276
753661353 3 68 206
991960679 68 36 332
390330965 36 35 302
947725555 35 99 388
210620865 99 45 274
95723071 45 48 188
902004717 48 83 322
727212107 83 10 388
205606617 10 88 486
482621207 88 65 160
828762757 65 78 250
430564515 78 87 324
687759601 87 56 6
180898031 56 33 344
578684445 33 15 262
592881147 15 82 420
383294985 82 89 474
993773511 89 8 420
893399733 8 66 402
731513939 66 94 144
15361569 94 21 38
41582495 21 1 364
323118157 1 27 414
512084907 27 6 248
181723961 6 13 466
256702583 13 4 36
244382437 4 26 98
277358083 26 11 184
332718417 11 76 266
978755663 76 37 480
798226557 37 34 82
971352411 34 22 64
112064105 22 77 34
27762983 77 57 156
43705621 57 46 414
836375475 46 55 220
355497089 55 25 310
204926719 25 12 476
128986797 12 47 310
537683723 47 70 456
927096217 70 92 366
418848727 92 61 364
875622725 61 43 2
176161635 43 59 344
886078897 59 64 150
912022959 64 73 436
412771549 73 95 314
991209147 95 14 212
901354185 14 53 310
440117895 53 40 408
404468597 40 58 42
16419091 58 71 324
913833185 71 84 78
519147103 84 16 140
672139021 16 62 378
950626411 62 39 160
161594873 39 28 326
510331703 28 85 300
917384101 85 19 26
834263747 19 63 36
567907345 63 80 38
330400015 80 81 348
512655677 81 31 454
973474331 31 51 212
524490025 51 49 214
409644519 49 93 416
539687893 93 7 358
227080307 7 38 212
185114945 38 20 318
45219775 20 60 400
485751661 60 90 298
803890123 90 74 112
417030745 74 32 122
789942935 32 9 76
892699141 9 91 194
160279587 91 18 40
705176689 18 5 446
711171695 5 97 316
631445405 97 98 14
145530235 98 54 368
419252105 54 0 386
685184839 99 40 190
625121235 91 88 438
529254687 23 56 154
646745899 7 76 370
54124023 43 32 342
706601859 35 36 82
659207631 67 48 410
231053019 13 58 448
260349077 29 30 364
725323265 89 98 448
273216557 49 22 248
30170393 69 22 28
362336965 65 14 252
976208177 33 18 108
193445981 21 90 324
97055305 9 2 424
107227893 29 38 84
158534753 1 42 36
266991757 93 18 28
921257849 5 70 232
856294181 73 98 464
938710929 77 22 308
394777277 93 94 268
77935785 81 6 412
103953237 53 46 148
780745409 45 70 24
571073261 9 58 488
900049881 1 58 276
840622981 81 94 496
161619441 25 78 316
983771421 47 24 66
635083975 75 60 122
240369491 7 72 274
231374495 23 80 378
291235499 71 0 162
149537655 7 68 222
782672131 23 88 374
996264783 3 96 134
328420955 51 0 390
958920231 47 16 170
235753139 11 60 178
863871999 15 76 394
302776843 29 34 348
662418501 29 22 316
92565681 5 2 416
666194397 37 62 372
614000073 13 14 132
823998069 93 6 52
831434721 33 34 256
230957069 61 34 128
880529657 85 50 140
815165093 61 86 196
92473105 93 22 472
980872765 25 14 248
367178281 85 82 64
499435733 49 54 176
24433729 5 66 128
500536429 45 62 24
607843673 45 18 300
236326661 25 70 228
231492977 89 94 412
125713053 41 66 364
552049289 37 58 492
981628725 5 30 124
283589793 41 82 32
486062285 73 54 96
517734329 61 18 20
355295077 97 74 32
964182993 51 12 42
780038619 7 48 290
44672935 89 74 40
43172097 73 34 344
365268269 81 82 484
81536537 17 50 364
192176069 57 86 220
262072881 13 78 280
321067357 97 14 160
552851785 97 70 480
118571509 41 74 412
106938209 25 38 368
54085517 17 58 264
140073593 67 16 154
303783235 59 44 182
688262031 33 38 456
787848105 49 38 412
584895061 9 54 276
90585025 49 82 76
911675373 41 38 172
788559065 33 50 244
938569861 37 90 12
794235121 89 58 172
842288157 23 44 326
491773383 91 20 458
702118483 71 16 442
460384671 25 22 436
344211257 45 54 176
431797989 81 70 488
736296273 73 50 232
662702205 21 66 244
963143273 37 14 392
400 5 18 284
200 192521345 77 70 404
200 953155446 46 83 449
200 834647511 19 48 258
200 740979444 48 5 11
200 648115421 43 84 434
200 44643656 92 37 319
200 11966689 21 22 440
200 532555350 94 43 101
200 993435959 59 88 58
300 54085517
200 791743242 58 83 237
200 260240923 47 4 198
200 2272552 4 45 475
200 153604417 25 30 140
200 212248886 90 39 57
300 296334735
200 363661317 31 92 474
300 913833185
300 149537655
200 947513132 88 53 335
200 650495029 37 74 328
200 179107674 18 91 273
200 7049003 95 32 290
200 130281464 40 85 295
200 932413649 33 94 60
300 789942935
200 113741068 72 5 407
200 585409173 77 98 316
300 978755663
200 114092512 0 77 387
300 417030745
300 7049003
200 933307077 93 86 468
200 780154282 62 43 445
200 514801723 27 20 146
200 279533256 56 41 367
200 720925281 25 50 40
200 1767894 94 23 181
200 347487415 7 92 490
300 780745409
200 723355274 74 19 341
200 11742619 79 76 154
200 688506024 0 69 243
200 240413377 81 78 184
200 411961014 18 83 241
200 943331351 7 12 314
200 572425268 12 41 391
200 959541021 49 98 244
200 709750946 6 63 33
200 774583635 23 20 86
200 59202432 24 45 147
200 377887801 65 2 332
200 254559822 22 19 241
200 260134735 55 48 342
300 711171695
300 279533256
200 38610536 32 65 439
300 236326661
200 232697855 87 8 10
200 480909436 28 97 75
300 90585025
300 440117895
300 571073261
200 173773999 31 40 102
300 363661317
300 650495029
400 19 84 326
200 279230995 79 8 334
200 725884736 64 85 111
200 21938425 21 42 356
200 128733710 22 15 409
200 643826191 31 64 142
200 513746508 68 93 27
300 709750946
300 993435959
200 525417025 17 86 480
300 212248886
200 736770108 64 81 247
200 785042181 1 82 348
200 565276394 38 19 197
300 567907345
200 584780425 25 86 372
200 851414878 38 91 341
300 524490025
400 92 89 324
200 966108700 56 49 243
200 672996197 7 20 414
300 696973757
200 707749254 78 99 429
200 635064743 19 92 386
200 890026884 64 21 283
300 912022959
300 180898031
300 643826191
300 932227987
200 96069061 21 82 336
200 534345386 86 95 113
200 287597883 19 84 250
300 330400015
200 949772574 82 99 189
200 133656799 43 92 414
300 953155446
200 58567506 82 95 477
300 917384101
200 22750865 49 74 436
200 981297478 50 35 325
300 367537979
300 788559065
200 497764083 55 84 34
200 448259744 72 65 67
200 779066073 73 26 412
200 918459502 50 3 233
300 736770108
200 140836381 97 34 500
200 104023970 14 35 17
200 263071315 11 0 398
200 798630016 32 85 291
200 169422649 71 68 238
200 242724116 8 33 155
200 964775549 85 30 168
300 133656799
200 508698472 36 45 163
300 231492977
200 405707519 29 82 468
200 609610738 94 55 233
200 153612131 91 60 410
300 706601859
300 582126117
300 831434721
200 573518690 2 19 217
200 454049555 63 96 114
400 35 0 212
200 907400299 55 92 34
200 73227320 72 57 207
200 472001041 89 38 104
200 28515526 42 19 489
200 146411495 71 80 126
200 590768324 24 25 3
200 768785773 13 38 368
200 237728178 78 43 473
300 367178281
200 72768625 93 70 368
200 611817382 54 55 113
200 101822279 95 12 322
300 943331351
300 128733710
300 725323265
200 421002774 94 3 221
300 263071315
300 725884736
300 672996197
300 842288157
200 205297615 75 96 70
200 544344844 84 21 311
200 764375701 57 50 140
300 947513132
200 34539488 48 37 99
200 65265433 57 74 108
200 966195630 46 19 181
200 482415919 27 28 170
200 138523884 44 53 259
200 16763637 99 0 182
200 929213376 44 21 79
300 482415919
300 950626411
200 228972837 9 98 376
200 249918602 98 51 57
200 809952155 15 12 446
200 7086760 64 13 243
200 691327169 97 38 300
200 119245494 98 15 485
200 667201047 51 60 498
200 106185268 52 89 235
300 96069061
300 585409173
200 340854537 89 22 148
300 901354185
200 909254180 28 73 103
200 622370125 37 22 300
200 26309138 14 39 65
200 756583683 67 44 278
300 544344844
300 355497089
200 3549836 96 9 319
300 805657233
300 927096217
300 140073593
200 497373183 7 80 498
200 357308028 8 25 239
200 326732357 21 58 500
300 808864653
300 326732357
200 309191910 0 65 287
200 911950453 9 14 188
200 968896154 74 35 85
200 516536683 35 76 466
200 160142648 96 97 495
200 786486033 29 18 196
200 677086150 90 79 37
200 510485735 43 68 446
200 683823556 84 45 247
300 890026884
300 44643656
200 769029977 69 66 228
200 751116014 90 83 33
200 913962351 61 10 248
300 646745899
200 353097736 80 13 99
300 720925281
300 512655677
200 383272141 41 18 240
200 71852494 46 71 237
200 525896911 1 10 448
200 907682562 30 99 17
300 607843673
300 302776843
200 292013439 83 0 342
200 93539324 74 95 225
200 74816995 11 20 418
200 10422736 12 37 279
200 511780169 49 78 436
200 791984414 58 11 337
200 730323679 79 80 114
200 305540572 40 17 351
200 20192293 67 92 74
200 229298608 68 49 51
200 622389161 21 54 120
200 315506686 96 21 291
300 730323679
200 717043787 71 40 206
200 265417368 44 93 43
400 88 69 182
200 54514576 20 77 303
200 610701321 1 54 148
200 180125918 86 19 221
200 367512479 19 16 446
200 446686108 32 73 315
300 390330965
200 43531779 19 20 194
300 97055305
200 605316870 2 83 117
200 190295335 43 36 382
200 824674564 12 61 363
300 823998069
200 880675083 55 96 254
300 751116014
300 572425268
300 190295335
300 204926719
300 856294181
200 361941990 14 51 345
300 510331703
200 267961717 9 46 396
200 142973850 30 75 89
200 43256427 91 96 362
300 491773383
200 281877774 54 59 457
200 966085903 3 56 410
200 330818380 28 13 115
300 683823556
200 930948211 99 72 422
300 677086150
300 717043787
300 323118157
200 985571250 56 45 435
300 981628725
200 82864751 23 72 262
300 283589793
200 822892322 70 31 193
300 779066073
200 686354849 61 54 196
200 836272662 78 31 489
200 801021943 91 48 306
200 992942740 38 15 149
200 495892699 51 68 166
300 803890123
200 118202174 90 87 261
300 836272662
300 119245494
200 306023563 79 52 262
300 959541021
200 619513774 98 55 357
200 842165039 59 32 202
200 443757292 24 33 459
300 780154282
200 880527507 27 12 474
200 343656896 68 29 71
200 18725241 69 38 276
200 91807886 22 91 145
200 224663695 51 76 114
200 3600076 88 57 351
200 570022229 85 46 48
200 891748346 50 67 1
200 49402699 31 12 478
200 525866904 76 81 143
300 512084907
200 708310511 63 84 50
200 166754476 32 49 375
300 727212107
200 392831315 23 96 190
200 904238976 28 53 179
200 406822457 21 38 328
200 765616718 10 15 53
200 629539663 95 68 350
200 608662156 60 13 179
200 834154517 25 6 128
200 324652474 30 27 341
200 541434891 47 92 466
300 361941990
200 18170158 18 99 305
200 599853743 15 96 462
400 79 56 169
300 525866904
200 109201525 69 18 132
200 314350746 38 55 329
300 404468597
200 372523769 65 74 164
200 396258830 54 91 329
200 653307407 67 36 498
200 494412364 84 77 3
300 851414878
200 202413427 51 8 394
300 74816995
300 907400299
300 192521345
200 94516914 36 17 447
200 465357169 53 34 268
200 102976678 36 9 455
200 71928117 59 80 294
200 987815680 32 5 115
200 659976633 33 46 428
200 704081870 14 23 493
200 603906767 55 60 34
200 247370252 36 73 199
300 480909436
200 923192883 67 96 402
200 666487008 8 57 467
200 319971865 37 2 324
200 147984046 22 47 353
200 207085615 95 56 206
200 821766124 84 97 19
200 311285 57 54 192
200 648099866 74 71 229
200 419050219 31 28 126
200 37820088 64 65 327
300 3549836
200 10503055 1 38 344
200 503637698 14 47 445
200 651099379 95 8 266
300 73227320
200 13945270 2 87 417
200 451841815 55 24 310
300 687759601
200 256397418 82 51 421
200 106345467 15 36 78
200 781192584 94 39 325
200 708354463 75 80 354
200 142088092 60 21 355
300 740979444
200 808530947 99 60 154
200 838380912 28 77 483
200 585586793 21 70 108
200 203898814 42 83 377
300 306023563
300 153612131
300 708354463
200 683079065 5 54 364
300 532555350
300 362336965
200 930680362 18 11 225
200 548189371 79 4 358
300 662702205
300 578684445
200 923599588 18 63 377
200 333253227 55 12 74
300 537683723
300 71928117
200 112487124 20 73 303
300 622389161
200 32118811 75 72 94
300 106185268
200 351681406 78 55 9
200 974397887 55 68 90
300 43256427
300 968896154
300 247370252
200 426900974 94 59 485
200 850458223 53 22 80
300 70408545
200 384165128 20 53 351
300 963143273
200 642012959 79 28 238
200 130963228 88 9 203
300 642012959
200 76659587 67 76 114
200 675810032 36 21 267
200 978239977 81 86 436
400 21 14 85
400
100 100 200
766128700 51 78 21
882730162 78 74 383
426044696 74 3 473
332741358 3 79 347
62827956 79 9 309
584385258 9 41 87
711750160 41 32 137
41018534 32 43 351
310911020 43 57 365
111565858 57 54 447
416008712 54 4 373
560530270 4 59 271
322150308 59 6 173
825718874 6 10 431
85879040 10 27 117
803094806 27 28 167
114991132 28 94 429
391384978 94 70 227
376868088 70 23 393
33272782 23 67 139
335348116 67 21 289
513419722 21 61 151
634477040 61 12 245
840079750 12 7 483
113998860 7 50 113
585648386 50 25 199
437508072 25 80 333
135230526 80 47 307
918123908 47 97 61
38699834 97 30 375
85190368 30 31 341
30431734 31 92 163
199182332 92 22 389
714372210 22 65 443
783485144 65 15 125
413853358 15 40 215
412613492 40 37 409
3948714 37 46 435
678053328 46 36 97
617903206 36 95 311
391423468 95 13 133
243241442 13 42 399
978526152 42 84 109
721409310 84 0 71
861401444 0 45 229
281650714 45 26 439
307118272 26 88 389
533039830 88 16 159
982867932 16 2 289
962658130 2 14 199
696092856 14 39 197
241516430 39 71 255
886569300 71 53 77
418596746 53 62 491
136922032 62 44 53
977261382 44 11 119
415973324 11 98 385
14273218 98 33 423
155979176 33 48 389
368190974 48 68 95
126292804 68 85 73
104867066 85 58 59
301664928 58 60 401
859458998 60 35 411
605008316 35 34 105
32616498 34 49 227
150843032 49 8 345
142444654 8 63 383
113890100 63 5 177
905395818 5 93 139
111611792 93 55 385
675043366 55 91 283
930198956 91 73 453
761563042 73 69 63
630287240 69 75 309
278816478 75 76 95
9386276 76 77 113
696568282 77 81 235
309820032 81 52 225
827443862 52 72 119
116776860 72 89 233
900995858 89 29 83
432424056 29 83 365
749453646 83 20 259
626045204 20 66 477
545269066 66 86 115
688606064 86 87 165
327287558 87 24 271
556478348 24 90 305
428305026 90 18 379
310407016 18 99 65
515676094 99 56 379
571999492 56 38 309
882897594 38 17 439
821109856 17 64 9
556349302 64 96 371
596658044 96 82 9
182468594 82 1 183
221544536 1 19 297
554508334 19 51 395
571749620 68 9 423
202924880 72 21 347
124369772 36 17 347
501315400 52 5 255
50244836 44 61 411
868564544 12 9 347
592898396 92 17 211
594933304 44 57 487
421996756 28 5 187
238124848 88 77 311
48291660 20 53 415
198976808 76 5 363
2513092 32 89 103
881234464 92 37 375
418473788 72 85 323
25339416 12 65 175
117542068 60 49 391
216233744 52 9 259
97326380 68 53 243
795375880 44 49 343
604440740 20 9 439
979157504 16 49 171
413671196 20 85 239
823983096 60 17 395
68903060 48 17 195
512848624 56 61 231
772900108 8 25 259
783550184 68 5 75
648909956 76 45 55
235940832 52 21 191
536023292 88 41 95
255653848 4 33 471
156359284 4 77 119
342037712 48 89 303
193684716 60 9 307
347524808 12 45 179
103597668 60 5 263
563662784 76 89 39
360308444 52 13 295
128645048 70 43 425
131939978 54 7 377
934768710 50 71 369
298216386 54 59 353
678404862 66 51 101
796594682 82 19 465
892630198 54 23 373
652691250 10 39 357
555402606 2 35 481
126741354 58 83 301
552826150 34 43 353
846061218 78 27 265
308686302 98 31 413
226623706 54 75 405
30451606 74 95 89
658584082 82 51 369
64519758 22 11 173
96017482 6 87 229
342766598 14 99 121
541058 78 19 77
643372222 18 79 37
99213242 90 11 81
25662582 20 77 167
778516824 80 69 371
522275316 88 65 39
209321040 80 49 487
176426604 56 89 119
557341768 24 45 271
672260068 96 41 11
653825856 88 5 283
567189084 64 93 87
632382776 80 17 235
428850644 84 5 263
888210480 72 69 443
839982668 20 37 479
391205928 82 11 145
173487994 62 63 477
361419318 50 75 149
445158066 30 51 61
407193838 94 39 157
496838378 58 79 33
192604326 62 55 257
750324258 10 75 53
16290142 34 83 161
355591770 50 15 245
605130518 34 15 233
376323474 6 15 169
59425230 24 1 415
189972976 40 1 27
655934476 36 97 331
101384168 24 5 439
937617796 8 29 7
558054112 52 69 83
348655612 52 29 443
830320856 8 1 23
25330548 88 25 495
771220432 28 37 447
649653740 16 33 271
875986376 72 65 459
259548516 76 69 171
105499328 60 45 183
400 76 77 0
200 703882936 84 21 459
300 803094806
200 587788175 35 88 490
300 545269066
300 783485144
200 473328552 56 45 91
200 368063937 69 6 364
300 259548516
200 854648252 0 57 171
200 543179909 21 26 456
200 637231722 50 47 213
200 543091195 67 72 298
300 918123908
200 548009182 30 23 289
200 17110943 39 96 470
200 518236060 0 33 351
300 105499328
300 14273218
300 216233744
300 182468594
200 516660349 9 66 44
200 752870018 2 67 293
200 349755315 83 12 258
300 752870018
200 655852918 58 95 233
200 404057559 87 72 42
200 463808756 28 53 3
200 806277853 89 38 280
200 21097314 2 71 237
200 44780819 43 68 338
200 590161472 96 93 491
200 80571385 45 6 68
200 133370126 18 55 385
200 5815055 39 80 10
300 557341768
200 268204098 46 75 401
200 713459315 59 96 14
300 104867066
200 209647926 50 7 169
400 22 99 342
300 135230526
200 756763316 16 85 255
200 170258845 77 82 240
200 309799714 22 91 465
200 660036563 83 64 194
300 830320856
200 707081750 26 83 285
200 509122551 39 88 214
200 575755412 84 61 179
200 49952765 61 38 8
200 746900994 86 63 169
200 95117619 75 20 478
200 783094752 8 17 355
200 247335705 65 54 212
200 103414702 90 23 229
200 799436079 31 8 494
200 638378732 16 5 455
200 946936053 13 30 32
300 501315400
200 369225152 8 89 311
200 823981433 17 14 416
300 587788175
200 296490580 64 33 419
200 697005757 65 94 156
200 876143554 18 91 217
200 722295283 55 96 122
200 252262304 10 47 5
200 338967575 23 72 346
300 688606064
300 126741354
200 431310480 40 25 179
200 319345929 25 82 448
200 728349662 10 95 461
200 665813663 67 24 294
200 244786844 32 9 251
200 453337573 49 54 12
300 198976808
200 421424752 92 41 247
200 947601769 49 18 200
200 205234878 34 47 357
200 546954751 75 60 354
300 900995858
200 801244402 22 19 393
200 457163363 83 60 418
300 348655612
200 851437286 48 33 19
200 756505205 13 18 60
200 55699098 18 35 5
200 514312043 19 68 118
300 543179909
200 611765774 6 35 45
200 942780431 71 28 342
200 149606988 56 77 187
300 124369772
200 729596275 75 8 494
200 333706528 80 5 147
300 746900994
300 840079750
200 457388805 57 38 40
200 881516266 98 27 57
200 888945787 75 12 362
200 629231624 52 73 299
200 493068449 29 22 356
200 16730390 18 43 193
200 638280439 11 84 214
200 664698260 0 93 207
200 83707645 37 38 248
200 145101058 42 67 321
400 82 83 184
200 577513786 46 43 189
200 865309579 7 8 98
200 360891608 16 77 395
200 679366193 49 42 408
200 17305702 62 87 381
200 584007431 27 76 130
200 238972260 88 33 471
200 764510093 65 90 48
300 33272782
200 61190328 80 93 439
200 861171345 31 52 378
300 821109856
200 633256642 38 75 1
200 325686515 47 0 182
300 756763316
200 655026614 10 99 105
200 434865943 35 64 18
200 716525364 88 81 371
200 535425053 5 6 52
300 391205928
200 625565064 32 85 407
300 584007431
200 132509087 99 0 326
300 827443862
200 307263250 54 11 9
200 337384963 87 92 42
200 847284080 80 85 271
300 309799714
200 638846247 59 16 142
200 623752964 84 73 199
200 704799405 29 58 300
300 678404862
300 937617796
200 105987118 66 39 301
400 58 91 125
200 499437030 98 3 209
300 149606988
200 773119349 73 90 260
300 80571385
200 694830144 80 21 307
200 265130489 5 58 232
200 397156110 14 27 285
200 278308111 15 36 310
300 637231722
200 252192322 14 79 385
300 617903206
200 957836097 29 26 380
300 563662784
200 330050876 12 89 239
200 166341637 89 50 56
200 745769962 36 57 143
200 225563017 49 50 364
200 703719006 58 31 181
200 419092767 19 92 334
300 934768710
200 488080018 90 27 129
200 400596355 27 36 242
200 329508080 4 21 495
300 247335705
300 103597668
300 806277853
300 679366193
200 633283073 97 22 232
200 801485046 70 19 137
200 983542103 39 56 226
200 584144500 0 61 103
400 88 5 0
200 697903852 28 73 419
200 107749109 9 26 392
300 750324258
200 20988352 28 69 343
200 632181113 89 30 272
200 977789582 14 71 189
200 305150607 87 40 74
200 552499916 16 89 259
200 196211029 1 54 376
200 153742842 22 39 313
200 182547787 55 20 442
200 72322968 4 85 499
300 38699834
200 922045935 15 16 254
200 734949548 70 11 285
200 271055187 47 68 282
200 937561984 48 5 335
200 187184697 49 82 352
300 155979176
200 294371860 4 45 115
300 638846247
200 86802011 67 76 54
200 672801896 8 5 171
200 743338369 57 82 288
200 417266294 66 75 361
300 839982668
300 672260068
200 364099683 71 68 190
300 716525364
200 499496166 42 35 137
200 1134471 31 88 198
200 8753636 40 73 255
300 783094752
400 50 55 140
200 700251602 78 91 485
300 861401444
300 301664928
200 112671759 5 86 420
200 145227074 6 91 85
200 406018239 83 92 258
200 86284348 24 37 199
200 95598853 13 78 56
200 885902570 58 3 5
200 172238971 79 80 170
200 689693704 62 15 333
200 891162143 7 76 126
200 346711068 8 21 223
300 192604326
200 997346947 63 16 250
300 173487994
200 432735110 22 75 233
200 430757287 71 24 98
200 123088772 96 5 395
200 754172205 61 98 20
200 851443314 74 51 497
300 105987118
200 340852273 33 78 256
300 50244836
200 379316716 28 57 83
200 543583221 97 38 472
200 961029658 38 67 137
300 421996756
200 931554425 13 94 236
300 764510093
300 704799405
200 660096906 86 23 345
300 594933304
200 276374953 93 46 352
200 942474750 18 83 17
400 86 27 158
200 752564150 2 7 121
200 545135895 15 60 390
200 124639028 60 93 47
200 601189405 13 66 456
200 372988834 42 83 133
300 801485046
200 608540193 89 66 312
200 430945430 26 55 13
200 918136951 51 44 262
200 327084820 92 5 471
200 754512509 33 82 168
200 489373314 58 47 133
200 689109427 79 76 86
200 661880416 0 37 23
200 697353113 21 54 376
200 104890414 30 71 133
300 17305702
300 696568282
200 350194875 91 0 58
300 61190328
300 113998860
300 660036563
200 80120730 18 11 213
200 182130795 19 4 150
200 840522296 22 15 33
300 86802011
300 153742842
300 308686302
200 70272297 25 22 272
200 494433150 66 31 37
300 601189405
300 875986376
200 481563595 39 52 162
300 124639028
200 123169774 94 35 421
300 170258845
200 39484829 53 38 436
200 173836066 74 91 145
200 383666131 31 20 134
200 16653312 14 67 105
300 364099683
200 151224933 89 54 408
200 136847562 80 41 295
400 96 5 0
200 264315112 66 35 481
200 57990783 23 24 158
200 448413948 32 37 487
200 541393605 5 54 60
300 413853358
200 704900816 88 21 291
200 626584649 13 46 196
200 850295838 18 95 493
200 672494559 35 84 30
200 274782428 44 33 491
200 663630629 29 86 20
300 349755315
200 755040432 28 33 27
400 4 45 0
200 300570280 88 13 279
200 115815617 41 46 384
200 643311798 66 71 5
300 714372210
200 898715121 29 70 492
200 52799782 38 19 361
300 307263250
300 571999492
200 716481875 85 10 28
300 536023292
300 516660349
200 251378706 78 51 33
300 360308444
200 228230225 17 6 68
200 728224774 58 27 397
200 306568231 59 52 354
300 252192322
300 72322968
300 545135895
200 447039606 42 43 361
300 235940832
300 851437286
300 95117619
300 931554425
200 887680687 55 80 290
200 215072364 20 49 327
200 513107573 1 14 444
300 664698260
200 700262208 8 45 107
300 205234878
200 403487799 13 58 104
300 716481875
400 19 12 101
200 118410011 63 20 226
300 428305026
200 599177854 30 15 25
200 84908735 31 12 426
200 858742844 22 3 205
200 804097315 87 80 290
200 134933008 66 67 317
200 61619783 19 16 130
200 487102372 64 45 311
300 128645048
200 514480683 35 32 122
200 320813816 80 37 495
200 109357521 69 78 328
300 431310480
200 365968908 52 33 111
300 136847562
200 554455603 55 40 386
200 121738464 96 21 447
400 40 29 -1
200 430787288 0 77 387
200 463346225 77 2 476
300 962658130
300 244786844
200 427627490 74 11 305
300 403487799
200 606452065 41 74 248
300 182547787
200 795091420 34 55 445
200 39338819 43 96 374
200 416370608 64 37 127
300 865309579
300 605130518
300 761563042
300 463808756
200 95671233 69 18 204
200 983270838 86 27 345
300 689693704
300 131939978
300 596658044
200 711685873 61 78 12
200 180405798 88 61 39
200 215757493 41 22 160
300 432735110
200 588509824 18 51 261
400 34 47 130
200 611842382 68 21 439
300 697353113
200 155179355 43 12 118
200 110932328 40 77 307
200 370281089 83 8 442
400 71 20 133
200 174010327 63 64 282
400 99 28 160
300 434865943
200 650355933 95 12 406
300 368190974
200 13299870 6 63 265
300 189972976
200 848114445 53 54 464
300 107749109
400 11 68 149
400
100 150 300
40092194 91 94 135
275868168 94 2 381
848742750 2 3 147
800104356 3 134 445
779853402 134 119 31
747161856 119 39 381
876529430 39 35 315
789419548 35 101 361
600948626 101 42 295
306714872 42 53 413
281134030 53 11 99
81311636 11 139 17
77137354 139 70 307
592263664 70 23 121
178298758 23 6 403
199067148 6 73 473
491826946 73 59 67
675393000 59 14 1
469594174 14 43 179
760471940 43 48 65
70808378 48 86 467
73825504 86 22 365
277260790 22 13 319
945817596 13 145 369
61654642 145 87 99
117595864 87 5 377
995517102 5 1 155
287406964 1 33 253
134618282 33 57 115
687051216 57 30 253
746079334 30 71 143
10755052 71 32 373
957544418 32 58 159
747187144 58 34 329
40082206 34 83 451
549805412 83 4 277
27511834 4 116 279
581162688 116 127 109
991695062 127 56 175
88678364 56 72 25
446293330 72 121 95
345314488 121 7 13
558269838 7 78 71
129951060 78 74 437
67642250 74 45 187
323349936 45 95 365
396955462 95 147 303
319665612 147 112 449
145947330 112 136 111
681908648 136 85 229
125523966 85 106 115
216156484 106 17 301
126517498 17 21 227
892917408 21 133 429
199663030 133 128 167
725671356 128 44 277
19947570 44 123 339
804797080 123 61 381
964284014 61 99 295
744393012 99 50 481
97983082 50 68 19
265364880 68 62 201
666590758 62 55 435
942091180 55 76 313
141080482 76 65 243
66235784 65 66 161
412967646 66 103 63
129855268 103 113 389
334819290 113 80 339
28853888 80 108 145
87628438 108 110 467
244293532 110 143 253
685624082 143 54 7
706990200 54 29 249
625149774 29 8 367
735943956 8 46 273
380305738 46 142 375
83386736 142 135 157
244765446 135 140 183
574151564 140 18 405
959879810 18 81 439
735383400 81 77 145
186028990 77 96 483
278477572 96 38 121
847269562 38 64 59
552240224 64 117 433
701204342 117 88 487
239222140 88 126 57
131737074 126 89 395
806344280 89 63 333
106573870 63 114 419
179577076 114 92 85
2166314 92 51 231
333661008 51 102 189
680409062 102 146 431
824179564 146 67 197
257205090 67 0 351
363037512 0 109 353
439989406 109 131 451
971877604 131 20 405
644128154 20 141 303
717332032 141 90 177
945153110 90 40 287
37478236 40 104 177
274559186 104 75 363
105846328 75 47 113
980896014 47 84 175
620027604 84 41 17
836528394 41 105 183
673486128 105 52 405
381600454 52 27 211
475302732 27 100 137
768290882 100 129 47
576453416 129 28 165
29279614 28 37 487
694704324 37 10 181
786029690 10 49 347
879437856 49 107 357
730870070 107 69 315
25779516 69 98 225
815770546 98 79 39
446954520 79 16 369
532121582 16 122 99
71792820 122 124 497
131697642 124 125 299
303664400 125 93 65
615567782 93 26 91
927894316 26 9 409
308746530 9 111 215
841357576 111 130 113
962446942 130 97 203
696336036 97 132 69
119016282 132 120 291
937370112 120 31 217
976383510 31 115 315
470671132 115 60 401
389942418 60 82 467
772179960 82 138 33
50888910 138 15 99
871648404 15 24 133
478936266 24 12 155
821018352 12 149 489
951139462 149 118 231
757122316 118 144 321
332105218 144 36 459
872013032 36 137 233
812220734 137 19 155
695913092 19 148 17
569504826 148 25 151
185961440 25 91 301
458871030 66 27 325
564537202 8 77 97
981952942 78 135 417
844848554 50 135 297
373842278 140 25 65
667242210 148 49 417
600414238 136 143 5
996803354 102 49 157
814659542 146 1 57
839908434 146 69 353
334250638 128 137 113
128929930 100 125 317
170803270 114 139 457
485989314 74 11 413
765539070 90 145 489
45627386 100 31 189
834192566 26 97 77
796784434 76 9 153
418319214 132 89 221
721116010 138 17 29
635782438 140 3 49
483004066 40 131 121
47707102 144 141 457
441067226 6 93 157
19579286 62 3 249
801301010 60 95 149
256361550 120 109 69
534168138 112 33 121
774205446 102 5 17
990867842 16 91 297
46179518 72 81 429
693620666 4 117 473
27045494 58 115 321
152485106 82 145 201
877213486 8 71 165
118771498 90 21 433
450647270 122 139 273
275053154 46 99 53
219366814 140 11 49
541643930 46 61 257
371966294 108 19 461
229738450 38 7 469
316343822 94 109 55
513205296 8 43 267
152881740 2 149 435
753478184 2 145 155
18446276 94 133 451
529479456 30 103 51
402269756 74 7 343
180363544 120 121 327
26812852 124 81 107
494544400 52 61 91
985469996 26 61 407
96547848 116 81 15
110302116 22 121 247
943108352 20 99 311
808752156 146 29 83
763085048 82 5 407
747023252 52 99 415
164171248 64 33 47
2439692 2 121 221
733399102 14 73 273
380756282 40 27 361
472446966 64 107 137
425429106 102 31 177
785332910 136 65 5
985074346 64 79 157
682575974 78 111 469
315518946 32 105 145
289824542 34 37 305
292305434 0 33 37
241341654 22 95 37
826413906 74 83 289
625185678 146 55 185
633868682 108 105 293
544857414 66 137 325
146974914 68 19 121
527609854 54 47 369
599570682 62 143 341
696708022 90 95 121
401392690 128 65 405
85318766 8 135 329
96522858 116 63 293
829448742 140 49 441
233268642 106 117 489
502512350 142 137 41
343287770 78 3 269
98751638 14 91 489
979630354 118 9 413
946031438 88 113 205
748927306 124 61 377
4904710 18 127 433
665077890 106 65 241
424405950 56 45 21
792050874 20 137 173
124376438 38 111 421
470766578 12 75 113
404321326 142 49 205
457412650 138 29 177
693896678 60 147 449
171004258 44 9 77
214830238 0 101 449
704894362 26 83 205
194537558 90 31 81
717332178 146 43 253
106269966 66 99 253
316167946 128 77 125
378245318 120 137 465
412540482 114 67 349
949441406 70 91 237
363678330 100 15 281
999404854 48 25 257
347265458 122 17 437
409624558 6 123 305
352273386 132 79 9
251436966 94 71 285
279037730 30 29 265
120594014 52 139 477
540703066 14 119 61
235781142 74 17 121
68879506 60 27 329
826248910 92 71 145
230733002 106 43 269
956041862 18 19 245
150287362 18 113 37
964693822 126 79 497
88643642 58 63 265
49553142 32 131 321
523378546 50 121 189
284705198 0 99 237
139376554 126 41 53
403844966 22 55 9
928906466 124 53 233
987361310 64 135 249
940549914 140 81 321
3305942 18 33 37
137374290 42 77 189
310123150 48 107 21
461506698 76 123 365
955715142 30 147 421
712985026 12 115 73
995817214 78 85 13
667395578 80 137 105
666257590 30 31 363
736219544 2 109 195
317190196 70 115 9
831670566 2 13 357
270922402 14 81 133
361464286 24 51 157
68012762 20 115 53
400 144 37 342
300 804797080
400 139 8 282
200 367080195 109 46 286
300 81311636
300 682575974
400 21 118 342
200 213772327 109 94 330
200 645975556 20 83 223
200 199337901 117 46 472
200 818146034 4 111 141
200 123965539 49 120 462
200 532211280 92 77 267
200 88475593 95 60 436
300 937370112
200 836930020 74 141 207
200 115502093 45 54 12
200 468904914 6 29 185
300 834192566
200 363442961 139 72 468
200 49018822 96 119 489
200 237710055 59 124 390
200 782925764 24 75 467
300 199067148
200 942821579 119 86 190
200 471648536 36 133 303
200 837889905 101 44 88
200 899450534 20 35 453
300 229738450
200 368163125 127 84 4
200 86356058 112 11 305
200 122616875 109 138 186
300 574151564
200 294983118 22 107 129
200 475449551 31 118 294
200 628602892 104 69 171
400 98 87 342
200 407316356 10 147 223
300 244293532
200 224712587 137 94 66
200 499967192 34 79 481
200 331859503 65 4 298
300 836930020
200 944002018 96 41 401
300 289824542
300 706990200
200 19488991 87 126 302
200 761469916 124 27 275
200 272500773 147 48 336
200 343408522 126 21 49
200 828463771 63 116 342
200 390714792 86 43 427
200 343396289 119 74 8
200 326922166 106 95 173
200 615019799 85 68 342
200 178914612 22 135 71
200 181306397 53 96 440
200 180046242 30 119 125
200 687049811 123 26 450
200 421612672 124 89 319
200 605282617 15 18 328
200 279520078 52 95 413
300 29279614
300 274559186
400 112 83 260
300 179577076
200 731237224 80 5 279
200 173540993 85 28 124
200 559765878 2 137 213
200 844689879 49 2 354
200 443967220 134 131 423
200 24306397 111 8 348
300 733399102
200 135072072 128 111 259
200 638108897 65 56 184
300 985074346
200 923655004 46 3 387
200 249852837 135 72 116
300 19947570
200 469436208 112 47 259
200 119987497 111 120 56
200 157278590 72 137 29
200 373136319 91 36 230
200 178529084 84 147 23
200 298488837 145 86 468
200 118815722 60 63 53
200 963795835 133 98 458
300 693620666
200 800907870 128 147 9
300 439989406
200 116137421 9 28 124
200 682780818 82 137 437
200 309947267 103 120 74
200 228050160 134 121 251
200 965131241 29 32 476
200 283890494 134 91 433
200 139736703 135 48 176
300 760471940
200 601805784 30 9 463
400 104 41 330
200 90152144 30 111 111
300 581162688
200 354859015 61 14 62
200 1983076 132 59 319
300 441067226
300 257205090
200 410376569 13 84 76
200 935747214 66 33 13
400 126 143 346
200 404034118 60 79 29
200 391098727 43 32 338
200 137304644 64 1 463
400 92 91 210
400 35 68 338
400 104 137 330
200 7101806 16 129 245
200 142553583 3 76 246
200 209446572 42 3 475
300 800907870
300 68879506
200 953789217 27 48 316
200 355373974 104 129 445
200 296536951 115 120 214
300 331859503
200 779263562 34 49 393
200 785189979 57 32 14
300 40082206
200 540735166 54 141 257
200 135324159 129 116 314
300 26812852
300 615567782
200 103959384 66 77 147
400 112 99 142
300 67642250
200 609743078 54 25 109
200 880524679 109 142 250
300 717332178
300 367080195
300 333661008
200 794896214 98 103 433
200 851121207 79 22 298
200 351989716 146 89 151
200 817065021 41 128 464
200 189424450 134 47 33
200 93633395 5 66 186
200 104297248 78 91 315
200 93006169 127 132 24
200 496347886 74 27 41
200 119937903 103 76 194
200 866390060 142 105 119
200 609847605 85 104 168
300 644128154
300 256361550
200 337504022 104 57 137
300 85318766
200 252421989 15 92 452
200 87295434 16 67 33
300 284705198
200 932955369 133 20 432
200 834921534 66 35 233
200 182854015 85 132 494
200 438960636 94 25 343
300 821018352
200 109052899 1 130 58
300 834921534
300 98751638
300 736219544
200 400542690 0 7 245
200 926656915 51 12 10
200 880568000 26 3 371
200 174793337 143 44 216
200 192079246 74 145 257
200 737809295 31 34 454
200 68104140 24 63 35
200 845484629 137 26 352
200 532387066 114 53 305
200 584851019 7 134 310
400 41 124 336
200 96611491 91 108 70
200 365166480 14 139 51
200 568317449 133 112 244
200 121296606 66 75 397
300 317190196
300 104297248
300 18446276
200 490262841 15 108 352
300 131737074
200 966514452 48 143 175
200 384782461 105 116 284
300 828463771
400 75 12 313
200 477054899 103 132 146
300 877213486
300 50888910
200 958412668 84 143 443
200 308592453 101 144 436
300 90152144
200 893394256 48 117 423
200 970902217 97 16 248
200 546384030 124 23 249
200 298820191 127 110 182
200 604245852 76 111 187
300 682780818
200 907485891 101 12 482
200 693871920 16 43 223
200 100776233 23 14 180
200 800274814 90 13 261
200 975663551 135 74 494
200 938563388 10 119 491
300 552240224
400 38 103 186
200 578808298 84 101 197
200 48042363 115 0 116
200 560937566 30 105 461
200 628612383 103 98 414
300 170803270
200 936679058 30 143 61
300 541643930
300 815770546
300 171004258
400 84 91 257
300 685624082
200 410895874 102 115 441
200 74488627 127 126 186
300 483004066
200 361989366 114 61 157
200 877342039 61 118 78
200 493524084 124 113 367
200 998802525 111 52 124
200 452600546 20 21 361
200 335176851 107 58 438
300 47707102
200 887792086 138 41 449
200 963724471 11 108 34
300 77137354
300 779263562
400 29 22 237
400 54 85 194
300 609743078
200 988504744 92 87 15
300 93633395
200 801021247 15 100 122
300 189424450
200 35698482 0 141 5
200 981411747 41 82 122
300 560937566
300 335176851
400 125 54 -1
300 837889905
200 182373813 127 74 340
200 758477018 136 41 9
200 296999595 77 120 446
200 883008376 82 143 247
200 419365457 111 32 152
200 526689286 42 9 157
300 219366814
200 27632149 123 130 88
200 605376442 66 31 473
200 647689739 119 8 374
300 185961440
200 729061166 32 71 93
200 542874799 101 134 274
300 988504744
200 164482658 70 137 117
300 730870070
200 292943885 99 90 296
200 746276818 90 53 181
400 88 67 274
200 374169610 38 29 265
200 276308763 67 50 234
300 373842278
200 113868926 24 13 19
200 116447341 31 58 220
200 60949170 116 111 229
300 115502093
200 21298033 91 128 448
200 46042790 12 67 49
300 880568000
300 457412650
200 787094227 57 94 274
200 923798272 98 75 299
400 140 53 170
200 249977592 24 149 19
200 450884049 21 110 452
200 999020422 106 111 133
200 876566951 21 70 38
200 358589316 134 65 163
200 567567661 95 6 48
300 298820191
200 522311384 16 25 127
200 41261105 103 44 452
300 963724471
200 683990508 6 5 195
400 80 139 194
200 615325540 40 135 123
200 436332941 61 122 372
200 786079058 134 51 13
300 452600546
300 991695062
300 695913092
300 181306397
200 118357147 13 0 230
300 97983082
200 271079934 54 93 481
200 583764031 27 104 262
200 982570428 6 7 479
200 412565125 75 104 476
200 884134506 48 111 345
200 697604603 85 130 466
200 548597640 124 107 63
200 54838305 121 68 312
200 683378838 84 71 457
200 948986487 81 18 174
200 682319636 112 113 75
200 758158973 87 76 228
200 955418754 72 19 241
200 621919667 137 92 106
300 932955369
200 877262198 70 103 433
200 553604055 35 64 218
200 744350452 80 39 167
200 404109533 41 4 492
300 477054899
200 278644040 14 89 99
300 87295434
200 734427231 65 136 210
300 86356058
200 938696402 42 97 189
300 135072072
200 368374289 67 20 364
300 831670566
200 682001228 44 41 25
300 628602892
200 54225729 57 98 148
200 235314998 134 141 333
200 343000727 149 120 366
200 235827380 14 115 403
200 863510941 43 126 388
300 450647270
200 203474696 104 47 359
200 143465889 59 28 280
200 228908054 4 147 217
200 583012855 143 46 478
200 16546452 120 135 191
200 629775869 71 102 416
200 705838594 130 89 41
200 521446707 37 26 62
300 758158973
200 83743478 80 89 349
200 881836887 55 6 406
200 307726452 140 119 431
200 854299741 71 50 212
300 365166480
200 158145736 24 9 311
300 343000727
200 79408607 23 134 478
200 620678364 130 77 403
200 762061093 9 4 304
200 761568394 142 35 33
300 746276818
200 465689769 75 28 320
200 781413118 14 65 345
300 124376438
200 218412781 27 94 116
200 884991282 100 55 5
200 103254435 133 138 118
200 980905104 32 25 193
200 431556295 5 76 386
200 65078820 116 87 287
200 90905421 109 62 484
200 760977938 94 65 497
200 528749827 63 90 90
300 625149774
200 48277510 138 131 493
200 967860263 23 104 2
300 601805784
200 598575034 96 33 469
200 176748043 63 76 286
200 143946584 26 99 495
200 301663409 143 102 364
200 959338214 54 21 25
300 697604603
200 120214645 9 128 296
300 584851019
200 407624512 128 139 205
200 80546359 55 58 242
200 532704212 132 49 239
200 71090749 53 146 136
300 308746530
300 604245852
200 678039166 50 7 245
200 587557055 57 12 186
200 73697852 0 117 391
300 121296606
200 464788259 117 128 162
300 275868168
200 644687526 124 59 17
200 946310215 11 126 438
400 75 62 199
400
100 150 300
8054190 59 26 139
770314356 26 77 109
92799914 77 20 411
305166032 20 139 425
647587686 139 56 103
290083052 56 84 365
320910562 84 138 79
897088200 138 31 101
7691806 31 36 367
184024164 36 5 237
40984346 5 67 15
191101888 67 4 97
841825750 4 9 199
711365852 9 51 13
370205266 51 141 331
573547448 141 63 409
236292238 63 25 223
907068500 25 18 493
962366090 18 37 111
47796912 37 106 245
729433670 106 135 187
29152972 135 86 401
771621314 86 23 167
547364520 23 94 213
604843774 94 64 319
705207876 64 118 73
285222906 118 95 423
653228960 95 32 81
31241910 32 127 423
842846908 127 30 141
45369650 30 134 407
517556632 134 107 73
818813806 107 93 83
239345204 93 47 13
312686442 47 115 315
781571216 115 146 457
907116838 146 113 439
807742124 113 38 109
83588258 38 129 407
930020488 129 78 77
404680670 78 83 331
92057636 83 85 57
511855834 85 110 399
819658624 110 17 437
129976214 17 45 459
219105948 45 46 481
914292242 46 144 187
529227640 144 10 61
851563598 10 49 23
909226516 49 50 377
835296842 50 27 51
761134192 27 75 221
964837382 75 133 267
301292172 133 28 489
810618242 28 19 447
417141864 19 100 477
80205502 100 99 151
721536516 99 102 385
10155450 102 96 95
85497184 96 105 253
15479926 105 52 483
676723836 52 8 49
349741810 8 76 231
899881816 76 122 261
289635630 122 130 87
381072884 130 7 213
7140650 7 41 59
637151312 41 98 53
135879398 98 114 319
507523180 114 53 425
996958306 53 71 351
219285576 71 22 349
16086942 22 58 119
440369636 58 40 173
739703450 40 55 43
651936576 55 131 473
129386326 131 137 263
374559836 137 24 97
952345554 24 2 107
21893432 2 80 305
242240526 80 15 59
736490452 15 82 33
533019658 82 79 347
898759216 79 11 473
217708998 11 42 335
598949964 42 90 481
914713922 90 87 451
500577832 87 88 133
603626622 88 89 167
417560516 89 68 329
855554426 68 62 431
853607200 62 92 341
772478006 92 0 363
941235260 0 29 1
518203570 29 117 59
126107928 117 147 441
382770926 147 97 19
526847412 97 54 233
755659498 54 112 191
136147472 112 69 357
309392550 69 65 499
365333036 65 33 401
916365346 33 70 347
116132360 70 120 421
388242782 120 60 23
439358372 60 16 329
888105050 16 109 271
831225088 109 91 13
252170518 91 34 87
327649820 34 119 169
513725330 119 116 43
839390968 116 132 13
833703374 132 136 139
478306708 136 13 129
98160586 13 126 135
483009520 126 111 85
74178438 111 39 383
213678604 39 12 405
139800322 12 148 55
169599464 148 48 217
627019326 48 14 451
614290820 14 61 89
153159482 61 123 287
416493792 123 124 445
29996022 124 125 479
954465276 125 44 337
43244146 44 74 135
37144792 74 128 425
134212782 128 66 479
934276980 66 43 477
769030826 43 108 139
469059024 108 103 189
181948006 103 104 59
873271276 104 35 245
360830434 35 121 7
455616968 121 57 325
583673118 57 145 159
225680228 145 73 297
46896666 73 6 175
132104384 6 140 449
131668694 140 72 379
859589084 72 142 125
849017170 142 143 327
990791864 143 1 381
977590670 1 81 247
707928916 81 3 305
204636554 3 21 431
20029872 21 101 113
456699206 101 149 431
100706764 149 59 57
25576642 54 69 201
233586686 50 103 25
750903034 96 65 193
884502966 66 103 277
196127282 126 119 497
211245166 38 101 173
626751594 104 19 397
581579302 54 67 249
628149154 66 93 361
1226462 18 113 173
527139802 128 57 145
327478934 64 85 273
840097554 110 65 485
246766414 94 127 173
42557258 72 107 289
98884870 72 43 113
332967554 26 137 325
727757246 146 13 321
275492026 18 55 333
653693302 38 135 365
764309490 124 137 469
797344814 44 121 225
687093290 14 37 245
410061798 120 145 121
942375266 86 15 61
555944094 116 15 377
271186842 28 79 437
620424790 144 5 41
590068434 28 89 21
140352782 64 121 225
433323274 76 43 373
70672582 26 23 73
44123202 68 125 153
192734078 44 23 485
427375226 136 121 493
139068726 84 143 117
19054514 148 51 125
854762990 20 105 157
382069226 120 129 433
495429030 110 75 301
601304354 104 81 429
794158174 94 43 209
737582938 140 47 41
275137046 46 49 89
980806290 82 27 213
83730126 68 3 277
272077002 30 121 245
958192262 36 51 261
919968258 2 75 129
80429374 68 79 201
833259578 56 47 125
805807350 28 13 491
885227992 24 33 11
28771444 74 89 251
55973072 28 107 359
767989996 46 127 183
978915016 94 31 167
986397284 36 125 315
16221632 42 51 367
571001052 142 73 403
61061048 6 71 391
942637652 118 17 299
529213104 110 59 123
208333004 126 69 431
639794344 70 59 127
602777156 76 51 315
312449440 2 21 19
661363388 16 135 67
353656216 106 57 191
714726452 56 45 207
227111568 126 19 271
229943468 50 21 203
293100168 10 27 379
358135844 58 57 271
452074880 58 89 83
1381020 12 111 395
437089144 26 71 39
265894420 64 71 123
773022832 106 51 331
287037580 46 59 323
384660072 118 25 495
408210948 148 87 67
608978784 128 3 411
353892988 74 143 419
528939352 28 103 155
429211124 114 141 97
646916326 76 29 21
108072546 80 9 257
506580894 40 9 145
558065818 2 109 77
701914966 94 81 277
954899410 38 33 473
982604302 48 135 305
58979338 114 17 289
510576582 124 105 17
628693826 80 117 189
38114942 74 27 325
915730810 46 35 29
15346742 24 89 321
629378226 118 5 77
821420782 26 21 441
894970602 124 49 85
40157862 32 145 497
828802082 50 143 337
6873438 146 143 393
517251162 32 17 309
579542806 28 97 41
644757394 90 9 65
673916366 82 3 405
641107914 64 53 337
972650374 2 131 413
625059586 128 67 325
891165758 48 45 89
752172858 110 131 253
339842550 26 89 349
31628402 54 109 313
447975086 52 91 425
579641002 66 117 309
904193638 24 101 489
161987042 122 141 281
880966942 12 77 425
942933018 54 27 497
838152918 32 47 337
48441170 126 139 53
910630286 120 51 205
73194378 36 105 213
732527430 32 85 185
516996290 110 87 41
172884990 116 73 149
49892602 144 77 329
33079222 102 55 277
591569458 144 15 21
393097326 80 93 43
936540048 114 89 355
797337516 134 7 287
331469704 92 113 379
163796772 84 45 491
961340032 50 29 435
626299292 20 11 7
222683768 58 67 175
336514836 68 29 471
67810160 92 119 307
354307468 6 109 207
285529960 80 33 359
679144708 138 33 407
513444960 58 73 367
570620284 98 111 383
161671256 10 141 283
453057780 112 111 427
183225168 124 129 455
400 46 91 312
200 723457352 102 135 11
200 734853345 75 134 456
200 252905046 132 57 321
300 48441170
200 75333029 35 80 384
300 19054514
200 718858032 40 91 99
200 307436329 139 10 148
200 576366462 28 21 69
300 10155450
200 445273965 97 104 492
300 100706764
200 184435736 18 97 7
200 703963249 69 72 28
200 527659942 32 33 61
300 773022832
300 516996290
200 639645651 61 52 414
200 337441792 88 95 3
200 93287097 37 34 360
200 188342990 46 149 29
200 450784207 61 132 22
400 39 124 396
200 646456999 87 20 318
200 929070212 22 115 367
300 336514836
200 873286283 73 66 150
300 16086942
200 246191534 124 15 241
200 128969007 57 50 38
300 272077002
300 20029872
200 256142536 52 139 63
400 28 139 163
200 392574912 76 33 295
200 154652025 101 20 136
200 418016910 6 59 29
300 196127282
200 135573181 55 74 208
200 365073346 18 141 481
200 420375539 51 106 278
200 683653024 92 57 235
200 705980377 39 130 412
200 793130862 6 29 217
300 38114942
200 737871133 103 24 108
200 396232354 82 43 129
200 562547539 91 18 210
200 662256512 36 141 187
200 237534265 45 66 32
200 467478094 122 121 105
200 883341135 33 66 218
300 705980377
200 738669442 94 47 329
200 627333811 139 8 254
200 723491680 42 53 327
200 784051353 137 132 192
200 396152622 100 33 229
200 692829871 107 146 350
300 393097326
200 879082594 112 35 17
200 905714195 117 46 458
200 68550464 54 123 275
300 705207876
200 911016503 61 60 422
200 665888212 146 35 43
200 925878845 5 116 308
300 907116838
300 7140650
300 417141864
300 418016910
300 598949964
200 32063264 22 89 95
300 358135844
200 772199319 133 118 78
200 60800948 80 107 237
200 67767931 37 58 22
300 293100168
200 926445406 72 141 405
200 151232543 111 98 106
300 211245166
200 342044562 88 71 457
200 407104131 35 118 106
200 138553840 0 145 143
200 703464169 49 132 228
200 248293950 6 119 221
200 866996095 57 88 334
200 150285820 2 103 383
200 66550725 19 92 464
200 594040490 34 85 73
200 33173819 105 116 398
200 620684744 28 121 187
200 43222369 79 50 328
200 885765846 72 51 425
200 927478199 79 80 334
200 565499220 12 61 391
200 312862141 31 22 260
300 899881816
200 230164904 6 147 63
200 989134273 23 70 472
200 462308278 134 69 337
200 606257943 95 36 310
200 403470644 36 91 349
200 716141051 35 72 454
200 74658184 84 65 79
200 368204833 143 36 160
300 591569458
200 854036380 12 107 291
200 756784357 95 148 20
300 67767931
200 187860848 144 141 451
200 196242537 101 54 376
300 407104131
200 734028036 76 41 191
300 349741810
300 31241910
200 953434009 17 38 204
200 392863790 74 83 465
200 711748015 57 84 230
200 470543212 42 49 291
200 615836021 71 62 468
200 86852506 96 125 381
200 135528043 87 112 298
300 833259578
200 15003406 8 113 349
200 877811471 49 24 370
200 200833868 138 57 191
200 953116629 37 80 48
300 770314356
200 533469216 58 87 141
300 953116629
200 560445445 119 64 496
300 188342990
200 187778832 126 65 191
200 164871561 71 42 4
200 96431198 132 29 321
300 16221632
200 13994957 31 50 432
300 60800948
200 952989688 132 15 355
200 449576145 71 136 428
200 81950342 12 71 51
200 410323093 95 124 268
200 404920890 10 137 81
200 550797451 57 36 96
200 930601390 26 123 157
200 978744623 141 92 374
200 10748140 138 77 283
200 791685877 27 102 12
200 470984986 146 21 97
400 134 95 334
200 162964050 32 113 401
200 920544323 125 122 422
300 761134192
200 320464454 90 37 457
300 736490452
200 581186389 11 4 316
200 628336634 54 63 57
300 629378226
200 779507673 59 48 16
300 930020488
200 100306484 94 139 435
300 962366090
300 513444960
200 67149065 51 98 216
300 644757394
200 197525028 40 139 351
200 5569869 117 66 432
300 187860848
200 127348600 112 13 475
300 781571216
200 965807439 97 148 182
200 337513100 142 85 59
300 603626622
200 677302451 141 112 142
300 615836021
200 821318774 30 27 485
200 988463319 85 72 286
300 500577832
200 1476906 126 57 205
200 332071867 147 50 154
400 49 80 169
200 923032083 7 26 18
200 240852288 56 147 451
200 396262649 143 50 116
200 212039182 142 83 161
200 108719631 91 142 474
200 243317324 24 1 79
300 905714195
300 70672582
200 633260609 79 146 84
300 602777156
200 983518268 128 105 263
200 870152965 13 30 292
300 7691806
200 958155792 114 99 187
200 146308233 15 22 212
200 999475038 98 17 365
300 128969007
200 342847181 67 60 388
200 900554130 136 3 337
200 226208387 5 24 310
200 500746224 24 51 103
200 155298025 113 68 244
200 845887550 76 93 133
300 734028036
200 295846701 27 100 368
200 115669106 124 65 309
200 304779747 43 40 86
300 339842550
300 849017170
300 285529960
200 838407650 126 21 217
200 408893331 37 28 450
200 483255488 122 129 347
300 337513100
200 275236791 31 16 258
300 915730810
300 738669442
200 259305904 100 83 493
200 263503975 19 144 158
300 135528043
200 782065402 24 93 93
200 2843211 93 104 486
200 170906264 44 21 143
300 259305904
200 32563439 1 144 94
200 80386476 12 89 203
300 225680228
200 190826067 81 14 242
200 852879488 0 17 135
400 48 93 245
200 383412344 82 95 167
300 146308233
200 779289167 123 44 186
200 80089996 2 33 223
200 237800725 103 26 352
300 711365852
300 628149154
200 377584502 112 141 149
200 663030743 79 128 358
200 195940084 126 147 79
200 919494877 99 74 168
200 108104546 108 67 117
200 955061523 131 42 334
200 308784192 52 81 423
200 97816569 53 90 256
200 863553294 96 113 53
200 738190095 149 122 362
200 845478220 104 109 459
200 572091861 3 148 356
200 235453050 4 61 109
200 46570443 131 146 274
200 138201624 98 55 495
200 383347825 129 56 436
300 511855834
300 900554130
200 741816098 80 25 17
200 539777491 149 110 82
200 994258944 90 5 39
200 451998905 11 22 312
200 414711502 92 27 477
200 707808719 69 54 412
200 6806018 146 55 331
300 527659942
200 454234239 99 62 186
200 729557756 92 89 315
300 941235260
200 686408419 67 70 486
200 493285072 102 65 311
300 794158174
200 578558983 31 114 498
300 894970602
300 92799914
300 132104384
200 811051990 132 135 189
200 428446391 27 146 198
200 724286548 100 45 203
300 604843774
200 46528923 141 58 254
200 21599912 146 29 27
200 632343745 121 102 208
300 581186389
200 482841788 102 97 423
200 34461061 23 114 268
300 242240526
300 217708998
200 892044070 4 25 237
200 731215047 131 114 102
200 918319652 72 95 59
200 214301005 17 26 476
300 686408419
200 57230200 132 33 395
200 821323345 63 134 324
200 23244294 14 13 185
200 911986215 1 52 222
200 572360708 10 103 55
200 205327789 115 20 168
200 743608562 128 81 449
200 136869475 123 40 402
200 470144592 18 27 151
200 924530633 69 38 404
300 539777491
200 966556132 34 149 115
200 431004685 139 74 128
200 3089874 130 45 345
200 130338243 149 94 242
200 272214064 132 81 55
200 408631849 125 46 392
300 972650374
400 47 94 252
200 828989631 95 138 482
200 947524668 114 25 299
300 641107914
200 456859427 49 96 410
200 16509456 18 75 7
200 655092873 113 90 44
200 373445982 22 33 263
200 719795405 39 2 500
200 172802450 38 53 205
200 910729347 63 18 378
300 687093290
200 259121542 32 107 129
300 999475038
200 527896981 59 56 16
200 985762106 86 17 489
300 181948006
200 264211481 105 24 256
200 355659438 64 135 113
300 320910562
300 57230200
300 581579302
200 213527369 99 64 280
300 131668694
200 749062500 106 79 447
200 549752205 119 6 72
200 760983890 50 47 261
200 89366339 51 56 150
200 367270320 32 73 371
200 944565673 145 30 384
200 233025022 90 85 225
300 381072884
300 342044562
200 407227979 127 82 338
200 770893464 144 11 363
400 62 65 181
400 125 102 129
200 905422843 87 104 218
200 858123656 92 67 343
300 840097554
300 772199319
200 611179597 109 14 204
200 944477970 84 119 27
200 806096721 55 112 288
200 20976902 10 97 305
200 974477607 87 62 282
300 793130862
200 868653754 144 113 473
200 663527179 51 16 142
300 89366339
200 386841646 114 81 453
200 483150767 111 100 490
200 25959788 94 73 255
400 90 23 194
200 174463204 136 1 473
200 346398827 75 136 494
200 94093880 26 97 99
300 916365346
200 561527055 79 138 222
300 252170518
200 441791042 12 33 305
200 454176883 91 52 178
300 365073346
200 692089654 10 71 201
200 685329047 125 82 54
200 198763700 108 95 491
200 290833821 105 66 312
300 467478094
200 832633608 88 73 475
300 628336634
200 227653407 103 92 266
200 64553244 56 37 255
200 113363557 111 122 346
200 397535984 110 109 3
300 651936576
200 750165671 61 130 302
300 29152972
300 113363557
400 21 146 -1
400 136 135 129
200 148684146 126 113 141
300 382770926
200 533575985 5 48 100
200 83179366 36 145 161
200 93808647 7 68 450
200 746074724 54 131 47
200 96301197 113 88 492
400 57 142 177
400
100 200 400
12715304 160 46 461
725068158 46 138 335
79678660 138 3 341
18505850 3 151 91
682469408 151 5 137
71090486 5 185 107
854673212 185 23 453
184722866 23 195 103
805682200 195 161 145
374350318 161 10 119
622685364 10 0 473
798448106 0 95 71
551376656 95 34 469
317186470 34 177 383
260371756 177 31 93
276599586 31 144 299
140059400 144 190 309
475062366 190 18 187
893394596 18 152 409
180195162 152 28 271
814653952 28 98 461
825149462 98 121 439
733137180 121 159 189
104910994 159 72 115
68162040 72 169 141
428926158 169 45 215
497500308 45 24 233
565786314 24 164 47
962627824 164 77 341
403890310 77 30 395
825845004 30 199 117
908460034 199 32 91
672444648 32 182 445
921803582 182 117 299
720467076 117 187 381
836873786 187 127 443
118964704 127 29 433
791016694 29 193 355
752021756 193 183 29
345186674 183 163 75
976934872 163 153 65
65326510 153 178 175
374192756 178 155 397
118672810 155 44 355
624751824 44 146 433
236914022 146 158 219
2311404 158 172 185
813667042 172 48 127
793896136 48 49 289
13363230 49 165 291
971023972 165 128 413
774107930 128 52 363
212512704 52 50 425
678760918 50 38 107
191138012 38 12 301
184677970 12 59 91
192810424 59 62 237
513713806 62 197 119
307837012 197 112 109
282861194 112 148 135
295320752 148 66 249
29642822 66 57 375
525688524 57 63 141
532761538 63 67 19
936975528 67 89 61
114511102 89 122 431
787536964 122 64 137
562871290 64 108 55
698363808 108 186 369
205083830 186 174 187
95026364 174 71 365
425338674 71 27 483
215069592 27 54 481
863399790 54 74 407
265720372 74 176 489
964479850 176 76 91
685475984 76 101 93
854611238 101 129 179
454172332 129 140 361
391691938 140 83 499
372715656 83 33 189
186584542 33 125 171
372174372 125 8 217
149479642 8 39 311
838185856 39 162 145
945836438 162 41 383
388054684 41 15 409
212079122 15 120 339
791529848 120 102 477
210329166 102 90 139
94957588 90 35 393
412613706 35 143 399
344830064 143 93 477
643503110 93 105 187
315720844 105 47 197
796781442 47 139 11
473202280 139 17 253
755102910 17 133 259
954415620 133 43 293
970688954 43 92 487
27085152 92 21 45
336019062 21 65 19
54287484 65 20 301
65151730 20 11 367
66028888 11 73 57
509595950 73 42 211
702360052 42 104 153
546657066 104 55 3
924048464 55 149 417
629602534 149 110 47
960570476 110 100 385
87244386 100 115 175
154025032 115 97 337
57251230 97 58 387
233502180 58 75 241
691113626 75 116 59
466253632 116 53 309
964748630 53 118 215
105100380 118 188 89
142732754 188 171 339
578424632 171 150 261
870410766 150 181 259
727082964 181 91 429
776444426 91 111 207
764784176 111 141 285
757859270 141 14 499
708719692 14 36 137
682669890 36 99 119
874277416 99 94 85
779298430 94 37 339
525921220 37 107 209
613291898 107 79 419
490321696 79 26 237
280291382 26 134 35
21631036 134 135 205
683373234 135 136 295
707046168 136 113 429
113649902 113 173 159
867978164 173 88 413
592185066 88 7 491
604710416 7 85 253
684888742 85 166 227
349929004 166 68 345
493087266 68 192 443
194105864 192 70 89
24211806 70 106 435
617921956 106 147 81
415104090 147 4 227
240005376 4 61 281
590062870 61 145 431
197230108 145 84 353
858515346 84 184 395
636308216 184 142 109
66822606 142 82 435
998692244 82 96 329
269495754 96 132 47
430036976 132 170 53
516390278 170 78 7
291204620 78 156 433
803867906 156 80 163
659611624 80 9 149
491526206 9 69 347
323064708 69 40 69
264870714 40 103 411
694491872 103 154 249
60627958 154 22 299
757592060 22 196 121
919976050 196 168 11
536580312 168 1 353
564071086 1 109 499
167666548 109 123 25
164368042 123 191 187
917961168 191 130 69
774761574 130 126 3
114347500 126 124 301
538307042 124 56 63
770465224 56 25 421
2507550 25 114 79
514606436 114 179 361
558770714 179 180 315
81504960 180 189 101
160151766 189 81 479
740624348 81 60 277
610012498 60 51 135
826768568 51 6 69
151203214 6 157 355
483039060 157 131 85
713168266 131 119 435
994216880 119 2 189
284000582 2 86 27
18404300 86 175 85
995041986 175 19 195
717324712 19 137 213
122472958 137 194 487
945631556 194 16 29
478390522 16 167 347
24788640 167 13 153
68465078 13 198 199
506512828 198 87 417
193707570 87 160 379
26832024 68 165 451
80258868 64 1 287
128041872 108 165 279
377216428 192 193 323
939384712 188 69 111
986470180 24 105 239
839074432 28 93 335
737721756 168 137 67
790168184 116 37 179
269569812 160 9 7
37210480 124 101 255
329354636 16 1 35
419343720 116 29 287
624698116 176 65 435
87630432 4 13 151
586477436 136 57 495
576260184 84 181 115
568396020 136 185 423
425451856 92 77 339
335668076 128 185 483
683404104 20 149 295
170169572 144 193 147
729744960 108 109 151
969735516 8 121 171
683062328 148 109 39
79021780 96 161 131
655097136 20 189 359
31800652 80 1 235
506304808 2 155 217
171822714 6 7 177
46389558 186 99 149
191222706 174 47 437
542308846 162 67 317
467107306 142 71 69
605976998 186 107 349
446827298 78 47 373
869822046 122 171 217
774896986 158 39 149
683625494 50 35 5
3683474 198 95 37
92088526 194 115 9
363013322 142 39 5
806544518 34 147 149
671409154 166 63 241
760752446 10 75 489
126374458 70 199 321
578124022 122 67 497
121210226 110 47 337
711598 138 51 209
908494250 126 143 301
262015334 154 163 465
617445090 22 167 325
684132894 10 67 13
85563162 70 95 241
513695702 82 43 333
896672850 134 103 129
719565966 34 3 237
3045514 158 7 137
259516486 98 51 21
899217858 30 47 169
225958654 162 147 97
149694970 158 15 313
280784054 98 155 197
58283314 70 87 117
264221550 66 91 241
36602730 22 127 141
92807974 2 3 313
916417698 150 111 377
126341598 98 115 229
338827482 102 119 297
528981910 26 99 453
972177426 30 95 101
656881230 114 91 197
69410890 118 127 149
619831814 98 11 221
1625986 150 95 205
837059262 90 19 77
163458490 182 191 105
619547766 122 11 145
789898482 46 47 441
73864494 194 75 113
357187882 110 151 353
130278 58 115 305
567798882 22 55 413
816522142 154 3 137
66976922 150 135 357
67856726 130 83 145
38331858 166 87 297
403156494 170 11 177
678477322 86 15 97
104911302 0 81 123
787845672 164 93 447
998531012 136 89 323
42666784 172 53 35
131731004 56 169 107
944853784 140 141 495
83050420 104 169 43
987074064 132 181 479
986460716 176 73 127
760688648 132 85 167
9567140 32 41 435
926685440 132 77 19
42840604 112 121 199
180758776 92 61 63
940544916 192 161 251
687371760 164 173 199
115548684 32 121 223
65513960 140 93 407
980799876 160 161 487
580860128 68 133 399
122364924 176 145 295
184591576 180 133 63
498999668 168 129 195
431265744 52 45 499
520768492 192 81 223
128250312 68 157 403
416777060 136 169 351
11689152 164 69 191
481953244 40 169 7
154032824 84 5 175
792810836 136 33 427
218231728 60 77 163
327424972 16 97 151
213297576 100 29 279
144324932 56 73 259
211625632 164 45 151
555533244 24 49 475
977750680 44 133 23
883685684 32 25 267
738732944 156 157 271
130585004 88 193 299
981075848 124 69 103
902482724 96 113 119
274175616 116 133 275
951827356 80 81 347
940433528 196 181 119
450577172 120 137 303
489318256 164 85 87
847593868 176 33 227
193058152 84 149 387
162633476 112 169 199
688865376 116 109 355
896803708 40 145 243
722789976 140 29 419
494716660 96 193 39
99974992 12 125 227
865558892 176 17 263
449188680 28 101 383
455856868 184 105 35
488725056 124 21 71
86192476 64 9 347
549032504 76 13 175
487097556 136 49 395
154259760 84 197 491
41349452 64 177 3
597948200 108 21 287
340543684 32 169 487
102805024 148 117 399
538002236 144 25 463
891910168 108 85 27
515958964 192 97 411
926716688 74 19 345
82257186 54 55 185
491781214 34 51 297
385327450 70 167 353
930440214 2 59 449
542452882 62 95 97
378470606 106 187 1
645731018 190 79 453
993557638 18 171 253
544117250 198 159 469
766424894 106 99 53
223644218 30 103 261
693094134 42 171 481
329271154 30 39 457
646324142 90 83 421
123330474 158 111 489
10999654 146 75 353
323022562 182 199 125
461150238 74 107 253
144311578 70 119 293
616017366 170 139 65
127712850 22 71 405
427686030 48 17 207
501446832 186 3 341
106997698 118 39 77
235694334 50 99 381
423335930 166 127 29
563395254 26 83 265
2313522 110 143 469
959351662 186 139 409
412788586 38 63 25
933935910 98 171 241
74507426 134 63 49
756427230 90 99 101
154516698 6 111 405
111078806 50 171 269
835401746 134 23 125
337265742 106 195 453
674827850 78 103 341
400 90 147 324
200 926842242 182 79 325
300 755102910
300 154259760
200 579722751 79 156 342
200 990585468 108 133 407
200 331408561 169 22 472
300 317186470
200 335997548 22 119 489
300 212079122
200 290721761 137 22 412
200 901480790 42 187 137
200 965903927 119 4 214
300 184722866
300 280291382
300 506304808
200 725983174 2 131 93
300 825845004
300 142732754
300 80258868
200 399296577 49 14 416
200 34098742 42 43 481
200 905519511 95 108 222
200 288685492 0 137 115
200 871007389 109 42 164
300 295320752
200 864849416 148 77 99
400 80 105 318
200 654259968 28 45 323
300 542452882
400 6 103 280
200 250199502 96 33 483
200 740407037 53 10 404
300 655097136
200 727292904 188 189 379
200 790934785 169 70 120
200 901180918 74 155 325
300 197230108
200 621322181 165 42 148
200 57169578 190 191 181
200 720977723 11 16 370
200 755177928 108 173 295
200 164541281 33 102 148
200 975407830 138 27 329
200 81114551 191 108 430
300 66976922
300 215069592
200 295080368 108 101 239
300 579722751
200 102037607 135 12 406
400 147 136 -1
200 145089599 151 172 66
200 18058172 88 121 399
300 205083830
300 605976998
200 277606641 153 54 432
200 20123174 58 51 137
200 477667783 103 68 270
300 693094134
200 232715226 134 151 233
200 703599019 139 184 214
200 24297080 4 149 351
200 829059409 17 14 220
200 33542 178 195 373
200 26325287 23 44 366
200 26675972 168 73 407
200 621302445 101 122 36
200 437430770 86 95 9
400 26 147 214
200 140907050 30 87 113
300 691113626
200 830022345 33 70 20
200 667566750 178 171 81
200 867882079 47 188 126
200 213500764 32 129 79
200 974830501 37 74 200
300 713168266
300 111078806
200 232575174 50 139 205
300 162633476
300 774896986
300 11689152
200 26699585 169 30 356
200 80849718 136 73 119
200 96787461 141 162 400
200 442325482 22 159 217
200 282256251 91 128 454
200 877739272 44 69 375
200 748100001 153 6 384
300 616017366
300 694491872
300 65151730
200 786265592 20 45 51
200 861495505 153 142 296
200 112413318 80 121 439
200 977611925 125 90 48
200 276166714 174 119 253
200 376423563 67 128 254
300 99974992
200 707196846 34 99 33
300 250199502
300 349929004
200 499803195 91 0 254
200 502529736 188 61 483
200 135909985 177 14 428
300 233502180
200 263239900 96 121 407
200 271670565 149 10 156
300 85563162
300 619831814
300 67856726
200 810815180 104 105 431
200 590894933 141 42 320
300 674827850
300 798448106
200 52917430 26 147 217
200 18715159 159 188 274
200 883070516 134 39 449
200 981537019 187 96 418
200 25381512 4 85 447
300 24297080
200 769560223 79 68 126
200 328349852 0 177 403
200 10145253 101 18 152
200 81380938 30 143 257
200 742153819 3 0 62
200 120611432 164 181 223
400 24 185 192
200 469579616 148 37 495
200 18672793 65 174 28
200 427503918 146 35 145
300 684132894
200 205592541 149 58 168
200 66144354 126 71 269
300 323064708
400 64 25 278
300 235694334
200 465620822 2 43 269
200 348527671 79 132 278
200 333174740 136 25 223
200 361411645 37 106 420
200 725336386 118 15 437
200 617942387 163 128 278
400 87 172 357
200 823791307 107 176 458
200 382013208 154 179 105
300 46389558
200 25114269 125 18 496
200 238810146 158 167 237
300 71090486
300 725336386
200 530596895 159 116 226
300 959351662
200 387608978 14 151 329
300 969735516
200 319331793 169 142 128
200 854241670 194 131 277
200 831422887 151 44 146
200 590237060 40 89 263
200 977804589 61 74 204
200 13714034 142 79 205
300 835401746
300 748100001
200 525411375 159 4 386
300 742153819
300 276166714
200 798731720 36 45 107
200 820072289 57 174 4
200 673503446 170 99 141
200 655707063 23 140 482
200 176083284 16 193 303
200 250924989 5 154 212
300 891910168
200 52468648 100 133 499
200 877985217 41 14 252
300 38331858
300 25381512
200 18958386 54 199 121
400 114 123 295
300 861495505
200 820995984 188 117 99
300 52468648
200 51165127 31 124 370
200 820515108 0 89 39
200 640727629 109 66 204
300 20123174
300 345186674
200 967366990 178 19 225
200 544278095 119 132 322
300 727082964
200 236178562 14 191 201
300 976934872
200 645425793 177 62 236
200 468143990 2 67 329
200 751683031 95 36 386
200 50610932 152 105 199
300 944853784
200 481272507 171 184 286
200 620023624 76 189 83
200 56109281 169 78 36
200 86158422 26 75 113
200 915190071 7 68 278
300 454172332
200 326406410 30 151 461
200 966184987 115 48 126
400 143 156 441
200 162299507 27 176 14
200 371073056 92 157 115
200 991041625 127 140 310
300 105100380
300 374350318
300 284000582
200 16193958 162 171 353
200 641285447 95 148 162
200 227532964 176 49 319
300 335668076
200 527815979 25 14 232
200 263344846 176 25 299
200 291217405 5 122 412
200 766294018 182 143 165
200 657700659 19 152 446
200 217402848 196 157 31
200 346624793 25 78 172
200 478297006 18 51 193
300 307837012
300 363013322
200 169548347 59 104 370
200 375348424 20 117 387
300 590062870
200 2102751 119 156 334
200 863535324 128 113 35
200 213850405 173 74 468
300 213297576
200 528973488 172 197 355
200 107899561 33 166 100
300 218231728
200 329189956 80 41 387
200 826802925 85 194 196
200 118597938 158 135 25
300 171822714
200 308988401 137 62 408
200 277501734 162 99 377
200 745063111 55 44 18
200 508814884 176 113 251
200 68642637 69 82 340
200 461163026 86 127 429
200 698263299 107 120 450
300 624751824
200 213615110 178 75 457
300 977611925
400 20 197 236
200 41876484 40 193 199
400 28 53 261
200 949610620 100 197 63
300 427686030
200 754347695 119 44 326
200 760683628 32 177 235
200 979867253 141 146 172
300 563395254
200 518268224 58 99 337
200 472494647 63 180 482
200 784766420 48 81 283
200 48888381 93 10 220
200 211775298 110 55 429
300 225958654
200 37407297 73 70 404
200 468066358 96 57 95
200 410999557 45 130 84
200 708296426 14 23 277
200 81772155 11 56 162
200 833388552 196 149 415
200 534786721 33 198 416
300 854673212
200 771585564 184 57 323
200 586446181 141 130 460
300 372174372
300 455856868
200 213038470 98 163 221
200 571053991 55 4 10
200 689422724 128 73 315
200 104522541 13 50 268
200 586496626 100 173 47
200 942956593 57 198 352
200 34940006 114 83 313
200 427141895 39 156 174
200 200883556 64 137 15
200 145516429 117 138 112
300 568396020
300 979867253
200 771529614 82 3 445
200 402289039 127 44 338
200 23069132 64 193 167
200 763401813 13 178 260
200 98998010 158 31 77
200 661983819 155 48 442
200 384885912 20 93 387
400 88 121 0
400 103 76 367
300 412613706
200 226247689 137 78 280
200 483803870 10 195 429
200 647693727 127 156 446
200 859799452 166 151 497
200 425796099 107 16 482
200 614613360 12 21 487
200 988781673 105 62 252
300 830022345
200 438115076 88 129 415
400 92 173 247
200 140647804 16 25 423
300 450577172
200 998702947 163 48 58
300 926842242
200 233510886 98 83 393
200 996978823 191 116 474
200 316771556 184 169 283
200 65231117 61 114 64
200 924864722 118 135 233
200 971953859 99 184 382
200 957590320 172 69 499
200 136704297 145 126 296
200 398959998 90 195 157
200 14793663 23 164 338
200 243875132 160 113 383
200 258205701 141 50 396
200 748893674 78 159 117
200 687020411 59 64 426
200 846985480 100 141 479
200 108024225 189 154 456
200 736160914 6 15 261
200 840177027 131 160 438
200 173645552 108 5 443
200 505349609 89 182 232
300 874277416
200 86237316 88 65 15
200 410062893 21 50 384
300 597948200
200 581053912 4 173 43
300 515958964
200 455157039 95 68 254
200 967148780 16 105 359
200 675830517 53 34 4
200 804315930 116 189 87
200 865411961 177 158 56
200 123202702 186 35 89
300 883070516
200 28110525 125 34 108
200 368212930 78 15 45
300 478390522
200 149132993 193 150 444
200 62760118 130 179 273
200 84065815 71 76 406
300 708296426
200 743403882 22 15 9
200 899579131 107 136 398
400 95 68 0
300 128041872
200 776893729 113 38 196
200 998561686 24 137 383
200 122832357 165 146 164
200 35313738 4 53 271
200 586430825 89 190 188
300 122832357
200 989622276 152 177 279
200 350699949 141 18 164
200 147772146 46 71 77
300 896803708
300 525411375
200 994297007 143 156 398
300 727292904
200 909105762 142 47 89
300 192810424
300 29642822
200 201373023 37 162 308
300 108024225
200 976591672 196 77 291
300 468066358
200 576219151 87 156 90
200 729773132 0 65 315
200 72260309 53 42 36
300 805682200
200 708201760 52 37 355
200 511496537 113 174 172
300 475062366
200 848967604 24 145 43
300 720977723
200 347581051 59 96 382
300 74507426
200 122632030 50 91 413
300 538307042
200 466801869 21 178 492
200 505676690 134 7 21
300 96787461
300 481272507
200 716217551 47 12 6
200 493347852 64 81 227
200 266288021 133 154 288
200 962825018 22 111 369
400 2 99 123
400
100 200 400
351299529 168 32 206
695587207 32 18 272
476764277 18 75 334
122519571 75 109 468
554988001 109 149 18
25135967 149 6 68
410962957 6 182 22
580531563 182 40 468
314036985 40 153 442
796974647 153 51 308
133547685 51 42 366
358041539 42 132 264
721242385 132 173 102
332630031 173 63 60
783844925 63 198 26
279530779 198 177 156
680028713 177 113 390
694272231 113 138 372
552640725 138 43 494
769369459 43 101 256
50566721 101 13 322
825757887 13 31 160
378435181 31 55 434
944091339 55 65 388
748681049 65 33 474
301169047 33 155 324
154035973 155 195 178
509974819 195 21 440
355096945 21 76 482
961370991 76 110 372
33425565 110 14 154
760897659 14 25 444
824960649 25 48 306
503360071 48 34 124
954000181 34 26 470
906661587 26 52 312
560215201 52 28 170
54787103 28 71 368
996500685 71 158 486
271394347 158 49 412
434766265 49 145 174
78950647 145 11 116
75413349 11 35 374
527454339 35 148 244
67405265 148 53 6
675031247 53 190 32
467062525 190 86 426
324576219 86 81 196
572686057 81 0 346
388664743 0 115 480
553075093 115 194 166
576839219 194 124 252
296977153 124 116 74
565240191 116 7 96
516634925 7 166 42
997392779 166 105 448
917369369 105 96 354
738700375 96 90 220
991527365 90 130 14
258619363 130 69 316
755955249 69 61 78
37903407 61 54 500
631588189 54 191 186
284956475 191 192 20
79284041 192 8 94
38552327 8 66 264
665328117 66 67 446
876188563 67 180 240
285835617 180 20 478
190234847 20 22 268
928510861 22 70 426
168430827 70 193 452
111055481 193 73 462
458834871 73 74 100
734423077 74 187 118
900419395 187 181 492
277957777 181 36 238
446897551 36 183 164
812032445 183 79 90
10271387 79 41 72
165289385 41 152 362
679039079 152 82 376
344419413 82 163 486
807355123 163 133 192
68745665 133 85 314
332924479 85 47 32
517548013 47 62 218
474630219 62 17 132
889812697 17 9 434
250388247 9 114 92
579375749 114 27 166
703646883 27 92 360
155079409 92 60 458
16443119 60 94 136
884139037 94 142 50
70080507 142 1 260
905627145 1 97 154
401144263 97 59 440
677173941 59 3 70
869278291 3 165 16
147085345 165 172 298
229079967 172 175 112
602330701 175 78 218
512471979 78 104 244
792084793 104 64 286
841913975 64 147 404
982309093 147 154 450
120420867 154 108 408
573442385 108 4 198
251136079 4 174 400
166881917 174 111 142
382753627 111 88 336
154776169 88 161 258
128504615 161 186 100
898679573 186 19 146
614740403 19 5 224
539204737 5 117 134
537024255 117 143 400
239640749 143 199 278
227247371 199 144 388
20771225 144 128 226
499615703 128 50 320
399926085 50 123 74
804186979 123 196 468
383624625 196 37 54
668059055 37 126 460
307367133 126 103 254
920503483 103 57 304
316572873 57 121 98
59825287 121 171 76
129705333 171 162 122
797850387 162 84 172
780425953 84 77 162
747697759 77 15 420
929490189 15 95 118
618090603 95 56 120
295743481 56 120 246
59732791 120 170 496
764545445 170 139 398
609717443 139 100 124
100659729 100 141 110
469428495 141 102 100
953479997 102 46 382
561902107 46 24 12
16858409 24 16 234
668879847 16 83 312
524185045 83 106 218
521527411 106 68 320
218010433 68 156 154
69560255 156 135 160
910088557 135 118 66
885462475 118 112 136
443779673 112 136 122
781056663 136 107 460
9265157 107 131 150
740594723 131 125 156
904036977 125 44 234
132529263 44 87 124
933754269 87 150 186
976782715 150 80 264
545929609 80 176 158
262059335 176 178 272
531799093 178 146 262
795049939 146 29 120
158642593 29 157 74
248721695 157 119 388
157842893 119 30 58
578634027 30 72 236
661146297 72 169 470
460028919 169 91 168
100348005 91 98 462
306760579 98 189 392
785184977 189 164 226
262230991 164 151 208
372470269 151 38 434
593854171 38 184 4
153506281 184 160 258
715790503 160 58 348
192941717 58 179 246
976506675 179 45 128
278495233 45 197 466
43778687 197 23 244
387357741 23 134 46
300719243 134 137 268
661081881 137 185 190
610610519 185 99 392
594770629 99 10 334
914450659 10 140 412
252504369 140 188 430
885955375 188 39 104
427073117 39 167 354
43151931 167 89 280
458796617 89 129 446
34084871 129 2 452
728655605 2 122 122
477829267 122 93 96
65680481 93 12 66
456010719 12 127 388
51435149 127 159 90
3642347 159 168 276
263731577 113 142 388
787707173 69 58 492
921302417 169 30 436
698238141 141 90 484
40431785 177 78 220
655730005 101 50 472
525282497 89 134 260
46107373 61 10 56
806212569 65 38 24
712529285 189 162 456
333923825 57 38 52
672321821 197 138 112
141498633 193 78 364
81668021 109 106 308
621808417 193 150 468
153087821 93 42 396
142614073 153 166 300
993322469 173 146 28
582070865 41 150 24
426394493 133 106 356
374572393 17 46 116
294621205 29 162 148
836737409 169 102 344
744803757 29 194 40
86448281 169 62 384
992369733 157 178 128
684483249 105 182 296
628240349 173 18 252
459134921 9 22 284
878487669 157 130 140
316004321 41 190 444
79363597 125 10 428
115683065 193 70 20
515184293 45 122 76
914290961 17 118 388
683841085 5 90 292
631640105 121 110 48
155363029 149 66 480
17483329 121 78 252
710622317 93 130 196
930291033 89 110 176
547927813 149 82 444
914112369 33 158 488
884859549 21 178 312
645513865 81 134 460
185540405 173 74 356
563504289 161 54 216
225599693 13 178 28
632118713 9 110 192
372508517 141 50 444
138505169 193 22 416
966188797 29 34 196
66121449 161 38 500
767510421 157 42 412
93369089 41 166 268
802029357 69 130 212
397533721 41 22 132
156515781 5 66 244
706482737 129 94 456
400919389 149 50 228
418251081 65 30 316
142993909 141 154 488
705802593 185 38 304
355842445 61 146 380
657293945 57 14 284
510769189 37 162 208
254030481 49 126 24
547823037 157 58 240
596179369 185 182 484
734360149 125 90 120
16501697 49 102 352
246200301 11 160 166
299133719 7 124 290
486982307 195 32 306
169150191 151 12 246
498156539 163 152 198
60966343 151 132 418
189765715 195 128 122
554534815 103 116 402
271130539 187 16 214
357496439 39 180 234
739326467 171 8 382
47865423 199 188 162
360845659 179 144 266
589635367 87 100 294
548499891 51 40 186
801175295 135 148 50
716277003 187 96 430
661317591 135 4 342
619372899 91 56 50
798432175 151 92 318
614628027 11 192 238
669708935 39 156 186
316204819 67 168 302
398262879 87 148 286
466636907 35 160 482
973094711 175 44 206
55635651 115 96 366
549325071 111 156 238
64333851 35 72 498
848702439 23 196 138
227090547 27 176 270
38064575 127 28 114
796412875 59 48 322
35426455 15 4 174
30471715 195 136 374
999054447 159 20 54
453538171 179 88 418
654232391 31 84 154
659144659 59 8 378
130366751 199 52 146
33650475 131 80 38
160947191 183 148 406
727564675 153 62 348
53524477 61 178 112
263321577 153 70 276
639636629 149 34 296
546905089 145 198 64
418472493 157 162 472
932031257 57 54 132
482069189 125 2 152
628229425 17 86 452
505917021 165 2 408
615470153 49 174 400
713649397 101 98 460
11508321 33 126 60
499555469 85 42 104
654598009 137 102 36
708915493 61 170 480
376415633 17 62 472
18609853 181 162 384
342871209 129 14 360
533099861 149 162 180
52742337 33 54 500
70616813 173 154 496
879032793 177 6 340
337369989 109 34 76
530735601 89 94 432
709250333 85 26 360
467386121 113 70 192
426716597 189 130 128
413888801 25 174 168
839628109 133 186 464
533166649 57 6 220
360227301 173 98 284
519215185 57 158 376
728650621 69 98 352
822815593 49 190 8
461425685 133 154 376
797652353 25 46 72
252758445 123 96 398
577136855 119 164 18
370859107 155 16 382
665910447 23 180 430
913757627 123 56 74
378483591 135 12 50
622357523 195 168 386
789395295 191 12 446
888236907 139 184 2
791860279 55 68 218
565523395 83 56 202
103035919 119 84 474
895007003 139 176 358
664530151 183 68 422
791108467 107 48 142
520862911 117 26 224
56326489 9 166 24
339229957 61 42 412
981345649 1 46 432
308108957 77 10 212
464335497 161 70 280
942075701 27 72 218
133722655 127 44 250
792039979 139 168 398
91399927 87 172 498
832191619 179 112 298
823710927 199 28 270
726929371 99 136 78
903212967 23 4 10
27866675 171 104 422
480991103 175 116 354
864461707 43 160 178
707844183 87 20 182
694114787 131 0 190
370842671 183 132 46
857572155 163 0 286
515062023 95 188 494
792152467 155 184 254
543269599 199 140 254
492730603 195 184 398
153303479 31 156 238
40609603 155 192 418
638306703 175 108 406
937698971 59 72 406
254849639 39 108 118
130901235 91 32 90
281260607 199 132 382
514452043 51 32 142
881262871 111 92 442
122468515 35 48 158
400 31 100 300
200 536869371 91 8 34
300 499555469
300 546905089
200 876313892 48 49 451
400 164 133 420
200 367753116 184 81 239
300 661081881
300 672321821
200 58343761 17 182 340
200 423895302 98 115 157
200 577516839 119 172 290
300 530735601
200 778547386 30 143 213
200 30535947 139 96 70
200 343406680 84 29 471
200 936393649 103 132 302
200 149803884 32 161 311
200 130625909 93 58 272
300 93369089
200 430437952 108 45 31
300 913757627
200 406574391 55 36 330
200 395032276 160 17 131
200 554925885 109 170 96
300 910088557
200 639666472 12 197 347
200 523722561 129 6 464
300 122468515
200 189347132 72 49 163
200 54998533 61 130 180
200 208596458 126 199 25
300 812032445
200 941669257 105 94 148
300 554534815
200 254758052 48 121 331
400 132 69 288
200 385805596 144 33 387
300 533099861
200 940043651 3 152 470
300 120420867
200 984175750 130 51 297
200 757089447 135 20 86
200 880072836 152 113 395
300 9265157
200 993017483 19 0 98
300 79284041
200 922438574 186 27 233
300 20771225
200 888140893 133 178 140
300 572686057
300 372470269
200 957919262 26 19 153
300 314036985
200 231156877 195 40 82
200 335455672 196 157 331
300 166881917
200 313076367 127 20 374
200 12335308 176 1 227
300 889812697
300 727564675
200 423964353 9 126 196
200 975442614 66 171 401
200 57822231 167 108 282
200 473579572 96 1 183
200 559897885 3 136 102
200 193349768 156 45 119
200 452384545 185 110 96
200 303880598 58 187 145
200 426858359 71 84 74
300 498156539
200 179133002 158 87 121
200 625386075 115 104 46
300 665328117
300 885462475
300 914112369
300 900419395
200 740420448 172 101 271
300 940043651
200 515309271 159 132 174
200 413063156 120 129 163
200 69909469 77 178 436
300 239640749
200 920685128 60 61 247
200 845718497 49 78 160
200 781230934 98 51 441
200 327576119 119 116 234
200 619465684 24 105 427
200 991320125 85 18 400
200 128046402 54 31 97
200 925697907 177 30 160
200 672559158 130 75 417
300 957919262
200 527942405 13 98 196
300 499615703
200 81586704 140 21 403
200 576392841 31 68 70
200 977005476 104 137 203
200 634514637 149 42 496
300 157842893
200 95571704 116 37 343
200 13318097 113 110 484
200 910919046 178 11 125
300 976506675
200 979325845 69 170 432
200 24358714 94 167 53
400 10 91 345
300 519215185
200 801084632 132 141 123
300 864461707
200 941172783 21 90 428
200 446774754 6 151 461
200 75180947 195 192 478
200 31490752 196 101 43
400 96 33 318
200 405097144 132 117 371
300 791860279
200 57496975 71 108 382
200 231214028 40 17 95
300 189347132
200 963604211 107 168 486
300 963604211
200 95907766 146 51 165
200 996775703 69 106 328
200 758161514 54 79 353
200 186219003 9 30 488
200 467667166 26 3 405
300 299133719
300 69909469
200 834950571 137 30 284
200 159067470 146 123 141
200 556730959 15 124 266
200 171520396 104 145 31
200 458727189 181 58 68
200 501030586 110 175 493
200 22540555 147 24 146
200 622398552 76 189 47
300 54787103
200 108802991 63 156 354
200 335761772 192 121 415
200 968715637 45 106 332
200 792489370 86 159 65
200 773635179 99 160 402
300 57822231
300 335761772
200 801352404 168 113 175
300 565523395
400 66 43 326
200 157316674 182 7 441
200 959398515 131 32 282
200 788635168 172 29 419
200 470088793 13 66 152
200 85922282 198 191 377
300 374572393
300 254030481
200 568967495 23 156 198
300 401144263
200 392551258 86 87 29
300 712529285
300 56326489
200 128990711 103 76 226
200 75410580 112 121 167
200 970329597 149 130 324
300 914450659
200 66425576 10 51 225
200 668356223 87 52 382
200 532602108 8 113 183
200 791074501 29 10 36
200 865526698 150 39 85
200 418340411 123 48 22
300 460028919
300 661317591
400 75 24 349
200 649506271 151 68 118
200 253471452 72 97 459
300 382753627
200 645377091 75 112 58
300 895007003
200 804019270 154 107 137
300 622398552
200 560445269 77 98 196
200 568081914 150 95 9
300 108802991
300 301169047
200 208462359 103 196 154
200 270532148 8 41 203
200 519231773 165 26 244
300 649506271
200 673162888 100 125 71
200 737295649 121 158 48
200 25072534 58 19 61
200 661581175 7 68 170
200 326996500 32 169 199
200 424730493 133 82 400
300 668356223
200 315107944 52 5 359
200 371720577 113 46 472
200 305547894 114 75 141
200 718429911 103 36 374
300 190234847
200 111217450 126 31 113
200 576392123 129 86 460
200 59660190 152 137 395
200 6677517 189 138 16
200 33981394 190 7 485
300 661581175
300 38552327
200 20242447 55 108 338
200 31479372 8 1 71
300 839628109
200 563627891 179 128 434
200 8919328 76 61 391
200 141673817 65 54 264
200 995196654 50 195 425
300 668879847
200 427603101 5 154 16
200 101968930 158 119 157
200 945659091 51 136 474
200 94540544 172 109 475
300 324576219
300 977005476
200 916691301 165 122 368
200 504592842 22 167 21
200 329926107 179 160 10
200 754748392 140 189 75
200 450697985 47 164 450
300 34084871
200 4293746 182 119 469
300 582070865
300 679039079
300 13318097
200 86741853 181 106 420
300 434766265
200 524500936 20 165 199
200 54808417 113 174 312
200 604554454 66 43 37
200 813145015 167 116 326
200 69075796 144 129 495
200 106491837 85 162 444
200 876001474 198 151 305
200 57744115 163 104 338
200 236336288 84 53 495
200 885053657 121 14 72
200 74646126 130 123 113
200 189649647 191 116 34
200 144441260 80 25 391
200 83606709 27 144 110
300 46107373
200 66702998 90 115 453
200 962915959 39 52 422
300 141673817
200 317210442 150 79 389
200 817312603 19 88 266
200 425534312 196 21 39
200 462945921 33 38 432
200 861630838 122 59 381
200 178563543 103 28 170
300 285835617
200 306386474 38 183 161
300 925697907
300 129705333
200 370750599 119 44 190
200 924647652 88 97 323
200 239650573 45 98 444
200 529097938 22 71 161
200 16634051 3 24 54
200 440543536 36 101 491
300 797850387
300 628229425
300 968715637
300 596179369
300 796974647
300 885053657
300 50566721
200 722543563 19 8 98
200 502416920 124 29 423
200 279583345 49 14 388
300 492730603
200 759572780 112 65 191
200 879146037 149 170 292
300 556730959
200 123975168 92 29 411
200 710992569 1 110 404
200 720273102 88 65 399
200 206080509 157 74 224
200 139833346 14 95 401
200 99152179 139 152 310
200 276045792 60 45 27
300 737295649
200 433554775 199 4 194
200 733144180 192 89 203
300 128504615
200 831525947 89 30 4
200 990811678 66 27 89
200 100579807 23 148 54
300 474630219
200 56881234 102 7 201
200 979884099 83 128 402
300 593854171
200 962931270 170 131 289
200 639986023 109 74 356
200 580627450 78 199 61
200 376159051 131 120 266
300 920685128
200 819136878 154 51 241
200 120028655 111 100 58
300 995196654
300 716277003
200 227424904 28 29 135
200 268622113 137 166 80
200 597732246 186 107 45
200 832340855 165 66 108
200 516503114 30 103 237
200 566890075 73 134 340
300 990811678
200 123252228 104 193 3
300 924647652
200 71118347 195 16 250
200 960813400 124 69 255
200 671166641 145 94 364
200 627837158 88 121 215
200 714653813 37 42 112
300 659144659
300 634514637
200 162217814 74 179 265
200 623037495 71 172 38
300 95571704
300 566890075
300 578634027
300 523722561
200 418015308 120 57 399
200 527089365 29 114 324
300 869278291
200 17419040 44 29 7
400 88 49 210
300 147085345
200 880198382 50 11 273
200 636356975 183 84 226
200 954853420 110 39 317
200 265360083 155 64 326
400 199 52 0
200 789539371 91 72 22
200 860804344 172 77 107
200 531615185 185 62 452
300 726929371
200 759959052 144 25 339
300 879032793
200 109194291 195 48 34
200 754214112 156 109 391
200 815509529 177 174 348
300 903212967
200 414237556 136 185 375
200 774625629 21 50 340
200 355637730 94 47 273
300 18609853
200 386695009 105 38 380
300 739326467
200 771827676 0 41 439
200 932433957 13 26 188
200 360088970 62 95 445
200 89264795 11 32 274
200 18399656 140 13 299
200 802696641 145 126 376
200 226336694 186 83 357
200 827952407 31 148 306
300 695587207
200 169770090 94 119 93
300 355842445
200 406979593 33 6 108
300 517548013
300 807355123
200 225680346 78 143 489
200 89075115 169 78 404
300 944091339
400 27 32 130
200 138655311 79 100 110
200 377892236 8 73 167
300 398262879
200 918585267 27 152 134
200 957822560 44 93 207
300 169150191
200 695025623 135 92 318
200 44184308 96 9 211
200 791295197 43 176 342
200 133835592 180 29 423
300 771827676
300 922438574
200 699908877 133 138 16
200 579703506 174 103 89
200 260542659 19 176 238
300 418340411
200 435162822 42 51 121
300 142614073
200 794149333 21 2 308
200 17350266 142 175 349
200 713185739 65 190 368
200 722520558 2 171 225
200 563721327 135 84 110
400 131 0 0
400
100 250 500
12113902 156 151 403
938559668 151 198 137
993699306 198 71 83
512777488 71 122 89
519133094 122 0 47
402466092 0 248 377
239219490 248 101 75
554442504 101 179 89
15589470 179 180 195
128205988 180 10 337
548218202 10 116 447
7626240 116 177 273
92388886 177 29 75
437970204 29 245 169
197994130 245 96 191
576411640 96 82 469
445422286 82 133 467
476112532 133 219 33
290789066 219 19 475
554602224 19 38 389
437212806 38 49 99
214027020 49 236 361
517540866 236 23 159
253930728 23 97 205
95160126 97 153 467
449171588 153 26 81
800684602 26 27 11
753766880 27 154 33
546382070 154 163 171
715525372 163 16 229
110969202 16 228 219
792455128 228 121 5
626571694 121 197 175
40708724 197 14 1
15838634 14 51 47
275118800 51 36 25
72935270 36 1 435
467053292 1 207 101
74475746 207 132 27
628126920 132 40 337
153727518 40 85 135
534432868 85 239 493
144279834 239 52 259
327576512 52 201 17
61736918 201 8 459
706913500 8 206 21
534006866 206 76 79
159339448 76 93 185
564499086 93 146 267
908648020 146 22 361
920859786 22 125 263
358157488 125 88 473
270976582 88 53 47
823720652 53 217 469
819274178 217 231 171
330818216 231 123 381
72254206 123 75 87
895170628 75 209 177
518686714 209 50 39
963411872 50 13 481
723864246 13 204 459
235449532 204 139 229
900351794 139 190 471
955120024 190 86 9
422258030 86 124 427
678508596 124 57 57
543271786 57 188 3
736085136 188 68 417
325096742 68 212 427
268483244 212 70 313
856659106 70 193 443
411811976 193 72 89
443368414 72 242 155
364844068 242 74 473
501511898 74 81 319
291649920 81 20 481
739905942 20 98 431
594210460 98 117 69
576139794 117 60 307
853872504 60 161 481
517018702 161 112 135
418630676 112 244 121
648352330 244 84 119
589805168 84 120 193
388205062 120 137 307
403040908 137 196 161
666695554 196 145 315
316935784 145 247 217
866331326 247 113 411
394158084 113 90 197
750736826 90 208 279
486171488 208 5 281
913571446 5 107 227
546035324 107 80 381
7881458 80 225 119
73176408 225 114 109
582649646 114 32 259
814600180 32 77 209
786786602 77 176 379
791208528 176 100 289
472360166 100 18 159
3888236 18 33 221
514856034 33 223 231
35521096 223 24 377
652069790 24 131 19
756095972 131 11 197
709750426 11 119 423
116877632 119 167 149
612752214 167 173 291
176041564 173 111 389
427494866 111 25 3
374115128 25 67 257
802103310 67 44 259
726797780 44 37 157
442150922 37 115 263
755690032 115 191 401
301286342 191 9 47
759732812 9 118 233
894471490 118 166 143
805435944 166 128 481
265627262 128 92 439
545919428 92 17 1
49800058 17 12 115
854722336 12 95 209
359456310 95 87 159
186592316 87 178 349
999789234 178 59 27
766308632 59 45 441
69997806 45 129 39
780333492 129 230 333
178396394 230 241 75
999697424 241 172 81
47791782 172 64 183
91626028 64 147 413
641829410 147 34 327
555535880 34 136 353
326163806 136 65 19
623619492 65 28 113
80056922 28 62 191
356614400 62 140 89
387357462 140 170 163
454845468 170 142 141
969948562 142 192 323
655397112 192 203 385
992616910 203 15 95
775112084 15 134 81
197397962 134 47 331
583182320 47 109 33
301383046 109 149 463
480315916 149 58 361
116043010 58 138 327
315729384 138 144 265
869537854 144 102 51
23981956 102 227 421
190067002 227 155 403
527999200 155 202 217
84246006 202 55 171
475204604 55 103 29
368564338 103 222 291
138008280 222 31 113
625328302 31 152 15
128284020 152 159 481
76372650 159 240 19
257083856 240 168 465
100650598 168 150 431
433861612 150 105 301
461632994 105 220 195
101879752 220 79 49
233208094 79 3 271
251554660 3 143 141
702267418 143 162 419
375375040 162 94 285
549577942 94 2 199
64351708 2 182 253
306602834 182 175 99
706790072 175 169 61
440198030 169 66 331
284310868 66 110 237
882977674 110 224 339
20877744 224 56 293
753399622 56 181 223
225051596 181 174 193
461043906 174 183 363
588452264 183 184 485
761266174 184 185 303
280647492 185 186 169
724502778 186 187 27
891195040 187 42 433
36925878 42 189 151
803698108 189 215 437
827921458 215 106 127
955443352 106 229 113
358376046 229 237 111
894834484 237 141 233
912728682 141 83 463
122576272 83 78 437
164002854 78 91 363
448952748 91 199 473
124578722 199 126 271
730834312 126 200 265
214502110 200 35 215
555332388 35 160 229
592476122 160 214 79
21481600 214 205 305
659011734 205 30 375
301966236 30 63 33
614301458 63 4 431
168656504 4 43 361
717710670 43 21 423
196356884 21 158 385
246548810 158 41 127
648662896 41 69 117
948498694 69 148 319
875426700 148 48 257
395431554 48 232 479
143015272 232 216 233
97757118 216 127 19
841959684 127 130 77
427297978 130 104 47
550728288 104 7 253
535190390 7 221 459
785124220 221 213 469
575382514 213 157 279
174621784 157 165 49
157650478 165 164 223
485076724 164 226 289
45735978 226 238 335
786674000 238 249 465
434591206 249 194 207
39064428 194 234 341
2204002 234 211 315
572422984 211 108 385
37603486 108 233 467
524125412 233 99 445
135486362 99 135 115
364481600 135 210 485
496482390 210 54 139
801418588 54 195 409
701179090 195 235 355
50068024 235 171 481
176793358 171 218 59
84503764 218 73 369
404479242 73 243 7
267649840 243 61 61
251584710 61 6 475
944218956 6 246 201
753872450 246 89 171
720054568 89 46 425
109697406 46 39 255
307704004 39 156 153
851417722 40 51 9
528024886 186 211 493
472145842 110 177 409
132886510 172 5 229
54891498 182 43 193
592965542 70 59 141
392304418 160 163 209
101360734 68 189 89
347392346 248 235 189
474104342 216 67 41
596595858 220 25 145
390310094 148 157 153
104427722 68 213 5
953820294 80 63 497
444774914 64 89 153
954031934 38 247 81
623568954 22 115 97
38156534 92 77 201
863217010 218 15 153
172593582 208 21 105
150983082 138 129 293
540901222 34 237 285
518933730 124 229 121
320815134 136 207 81
318030106 72 129 457
225217494 10 109 5
551137362 110 125 401
857383054 74 197 377
167794826 78 35 209
420109894 156 149 349
7838146 156 99 333
8931070 74 91 73
444200442 172 189 145
457021622 166 135 461
167343410 216 1 65
239022958 152 185 293
766024042 0 159 409
958948134 58 119 361
679887522 188 179 69
537266142 8 173 369
358461146 160 79 449
309419926 144 119 109
299196434 78 217 121
855908942 246 135 5
637206602 24 193 53
89099782 46 163 377
498954114 220 81 409
431339710 38 229 109
940019130 198 205 457
512380022 120 231 317
171981554 200 117 105
368167726 150 41 197
405769514 196 211 361
896365286 120 197 429
99219554 66 187 437
223304094 4 27 21
558521498 58 151 409
507535190 168 31 133
91358674 206 19 205
885009934 0 1 381
481547274 172 103 297
178210758 20 83 433
605305666 58 149 445
304460926 88 235 401
811473786 234 21 253
595668022 194 183 137
295878834 136 67 261
374795502 126 105 45
354749162 228 187 293
33702566 180 83 429
74725410 194 1 229
220228446 212 125 485
81789018 34 245 145
84194070 206 47 385
956984210 196 73 173
517550030 246 47 265
448475594 158 153 173
126089094 172 7 341
940333826 240 241 385
80206910 48 109 281
685271354 238 23 189
582129142 100 235 465
31524466 166 231 141
294899374 226 217 389
118718122 172 63 25
125251686 216 213 421
125426146 82 45 421
148113182 100 101 33
18099738 236 29 49
967703766 12 55 293
851691346 232 199 425
252651406 218 53 1
506875786 248 157 237
2671942 170 61 101
486188738 216 165 145
841780734 122 119 109
261860602 242 115 189
568232374 124 159 317
92633138 6 165 233
90730606 22 245 309
982206058 132 195 53
294013478 86 153 141
106666402 166 21 369
995741406 108 219 261
531031514 34 153 133
570178710 108 7 313
657356562 16 189 333
368210766 224 123 53
551890250 134 59 221
541572870 108 195 185
856311426 112 109 465
746127294 190 15 217
20464826 56 35 205
871672182 80 199 89
676726770 2 101 145
798282286 160 177 153
303484458 184 105 345
294279654 222 191 353
537467234 58 1 253
88219806 0 113 89
857904026 122 183 437
377475158 146 87 429
624565458 28 159 445
510833934 202 37 209
404919562 26 219 33
960212678 6 137 297
32852034 174 85 113
23933310 206 121 465
956500090 212 39 13
293950262 106 71 149
497520050 120 141 13
232322030 166 233 1
809533930 228 1 249
806600102 130 87 145
715624226 194 233 77
414331486 170 241 317
14811482 222 19 473
244158486 0 201 393
782678162 26 3 485
105901262 210 47 137
108589770 116 229 257
402270342 106 87 409
481767938 74 31 181
979627326 96 131 389
254222394 168 13 213
5277430 164 223 337
47502194 104 119 149
428842926 84 3 257
563658666 192 155 381
880233830 140 185 77
865191138 186 243 169
594150430 132 191 13
386557210 130 181 281
508601302 72 33 337
939829330 36 41 149
505051278 130 81 477
631785098 68 153 97
380133958 30 171 169
332692930 216 107 437
843896062 166 221 145
56531450 58 213 433
249606326 142 75 225
892904242 68 239 337
497579886 236 3 297
145355626 78 173 237
48247078 212 143 385
283963554 220 29 385
321492446 178 69 273
841751770 216 115 225
25368982 236 239 217
272862738 214 111 13
281147982 76 95 193
574680650 222 83 137
184966150 20 89 253
51584386 170 149 269
626200766 92 85 417
547683258 238 71 421
49664118 104 167 5
526215410 6 29 37
179558702 222 175 173
765412650 64 179 489
507382502 176 249 333
195995234 56 117 201
363915166 72 65 221
765198490 26 91 141
132834134 42 49 165
884880338 142 237 421
933313550 32 165 425
53644298 140 129 285
181671366 96 115 13
768076098 136 169 297
852195454 78 149 65
723093882 188 123 397
513666738 236 249 385
584514286 160 35 465
3326698 50 177 429
938189990 38 171 9
899081762 232 5 325
415234398 208 35 453
25507930 78 55 245
390594838 68 73 285
657758610 22 7 449
886928334 204 99 489
111302090 14 87 273
661412230 102 153 69
948125442 36 3 261
383857726 4 209 273
61986618 32 231 37
481616886 4 85 241
347747442 150 75 193
600956078 2 173 373
364852906 214 245 229
94961254 230 243 121
764760546 8 117 233
95524126 100 215 389
154967066 122 129 373
726958294 160 41 357
694599506 186 241 145
493630862 30 223 25
274087306 156 67 9
136576838 206 125 273
426398914 172 15 429
746841598 222 89 49
412293882 136 73 393
232708022 42 223 405
594688562 66 165 245
191135342 116 207 477
987037290 58 35 181
100697126 8 31 461
943343522 70 201 133
393567454 188 17 477
22186458 176 9 241
406555286 146 211 189
24763154 40 231 381
326285134 170 141 497
732109642 8 59 373
603360518 104 185 449
111304834 114 41 41
98091966 10 233 77
105755322 214 107 121
72887670 14 31 137
746979314 126 47 1
391045166 102 79 477
375634986 158 23 309
414722022 54 119 237
658884450 30 33 1
781954718 190 223 137
864485786 36 215 389
62725718 76 63 209
603867858 212 195 353
400 108 31 400
200 159286026 132 81 273
200 290674715 209 198 402
200 705501992 114 3 175
200 772497217 1 48 248
200 656173878 58 179 101
200 894517399 129 96 166
200 859393204 54 203 267
200 836529053 125 226 176
300 294899374
300 856311426
200 954501726 46 97 465
200 183233823 193 124 466
200 931651356 76 143 359
200 601665637 141 152 100
200 745726154 118 169 293
200 437314779 193 142 86
200 440387304 140 51 391
200 700913153 217 198 472
300 214027020
300 931651356
200 958792050 24 41 493
300 35521096
300 558521498
300 272862738
300 895170628
200 115923003 135 124 118
200 824348360 82 7 123
300 239219490
200 960292831 65 192 490
300 555535880
200 847566418 106 93 281
200 394883139 171 160 454
300 753399622
300 534006866
200 834827468 132 233 203
200 758555989 33 112 268
200 208196090 196 239 289
200 694353739 249 224 142
200 71982488 74 165 179
200 991007217 241 190 428
200 887960870 92 111 237
200 186239687 127 82 474
200 12766756 138 121 283
200 298102605 63 206 116
200 497138706 214 139 305
200 76847875 55 230 474
200 347574384 92 165 479
200 529029993 119 62 284
300 364844068
200 988224004 18 209 251
300 25368982
300 920859786
300 61736918
200 975902935 97 52 74
300 326285134
300 476112532
200 370340432 172 109 475
200 404415433 73 98 340
200 73903006 74 85 353
200 556342623 201 196 398
200 227092572 132 209 311
300 637206602
200 850191299 225 140 290
300 171981554
200 311668166 24 111 473
200 597649127 49 184 50
200 943508420 242 95 495
300 792455128
300 118718122
300 694353739
200 560630679 29 164 10
200 29188532 138 47 495
200 149917341 99 108 144
200 967414818 42 243 493
200 887251155 221 118 306
200 134222080 36 117 295
200 109542841 11 50 460
200 805784526 218 239 401
200 738952399 121 82 250
200 805522956 146 209 215
200 441599893 199 122 312
300 726958294
200 562494176 112 237 383
200 129592857 15 196 460
200 396014766 92 91 81
200 539315247 49 76 302
200 458089452 206 193 75
200 305550837 175 20 400
200 112869402 76 135 109
300 900351794
200 38642297 109 62 96
300 603360518
200 85699924 206 233 63
200 115826109 115 34 492
200 281674434 26 17 337
200 195471603 151 90 118
200 437708960 90 71 155
200 5646553 25 56 500
300 967703766
300 875426700
300 480315916
200 269563792 172 1 231
300 720054568
200 966907335 101 204 402
200 14694180 228 203 255
200 547131981 211 238 348
200 569037586 104 129 5
200 111979011 131 68 486
400 247 220 290
200 932621659 169 150 482
200 396318568 108 235 331
200 67003009 215 66 4
200 138836854 10 169 261
200 915235799 223 14 266
300 766024042
200 262187562 210 49 153
200 496478907 165 140 150
200 607243080 174 73 491
200 47680737 141 4 492
200 552234070 178 15 453
300 834827468
300 396014766
200 570580675 245 228 134
200 201003824 178 13 99
200 35947305 99 140 36
300 908648020
200 133977796 56 105 299
200 205086573 131 42 388
200 92137906 194 39 309
200 6828067 63 186 70
200 869192976 58 11 359
300 623619492
200 761944903 47 0 102
200 924400804 236 219 447
200 374749645 133 40 280
300 294279654
200 238997496 54 131 475
200 797832401 225 74 136
200 94698118 96 29 301
200 121856167 7 32 362
200 941017220 122 231 11
200 972525101 221 110 244
200 302119282 182 77 185
300 84503764
200 274799409 241 140 500
200 878031718 18 87 133
200 705674759 77 112 118
200 77762148 46 71 275
300 824348360
200 971536875 221 202 126
200 100663736 144 69 429
300 73176408
300 732109642
200 146204571 139 36 58
200 631331496 90 31 163
300 569037586
200 751521087 73 166 162
200 708355260 108 109 183
200 348885381 47 80 176
200 931305834 234 171 309
200 665439995 227 64 114
200 821456520 14 77 207
300 31524466
200 674199711 167 88 70
200 653715100 192 87 79
200 399909349 201 242 16
300 301966236
300 125251686
300 594210460
200 773500044 142 65 351
200 653773845 41 116 484
200 18156986 132 201 121
300 233208094
300 22186458
200 328628439 117 106 490
200 65142260 134 139 155
200 579660765 63 116 328
200 74266722 44 149 137
200 626444307 189 110 290
200 74178880 178 27 335
300 67003009
200 826822711 49 166 258
200 830618580 176 101 159
200 300634685 55 54 368
200 301942082 28 141 461
200 579567987 193 82 178
300 90730606
300 761266174
200 878308924 230 59 315
200 312027397 71 168 344
200 307090666 106 243 29
200 582496891 101 110 78
300 527999200
200 560586590 152 137 85
200 590608415 67 20 58
300 605305666
200 348007314 178 31 21
200 126097539 217 204 174
200 92086256 76 163 473
300 186239687
200 80001429 183 198 212
200 607433530 96 105 65
200 175788939 133 164 290
200 739856088 164 233 99
200 538302513 103 64 124
200 574738534 100 87 373
200 194117383 39 130 82
200 178662756 2 97 247
200 78607757 17 60 132
200 11293010 8 11 209
200 933304131 5 46 218
200 449565616 36 71 451
200 164904873 47 130 468
200 473053182 160 157 133
200 556808255 125 236 422
200 324838332 124 167 93
300 100650598
300 851691346
200 291398383 111 28 254
200 895171500 204 35 459
300 375634986
400 18 103 250
200 514811354 120 25 149
300 956500090
200 519430969 5 106 88
200 722705742 142 149 417
200 912715855 123 116 230
200 38950796 86 165 75
200 25312021 1 196 32
200 457739962 66 223 197
200 191996171 11 164 358
300 25312021
300 354749162
300 302119282
200 110625834 136 183 229
200 792486075 125 64 186
200 564209992 126 123 95
200 309050593 93 128 12
200 846000214 202 193 161
200 677307703 171 204 114
200 364143828 56 135 399
200 263517501 131 10 60
200 138957378 56 13 153
200 364049011 203 86 254
200 944227360 26 227 207
300 913571446
200 664352407 121 148 26
200 450676916 100 27 79
200 374063517 9 26 328
200 591894818 76 41 57
200 831282131 63 30 26
300 109542841
200 621771286 148 223 89
200 295155703 157 34 482
300 958948134
300 437212806
300 576139794
200 191192198 60 197 281
200 226232999 189 4 6
300 428842926
200 877699130 58 169 225
200 259780235 15 192 186
200 276329432 224 203 199
200 490799409 131 34 68
200 683980646 40 143 397
200 817564167 147 8 158
300 394158084
200 928413978 110 33 225
200 722303467 87 236 306
200 341078968 38 21 251
200 768726929 9 174 20
200 93165126 88 85 85
200 185584999 125 242 158
200 901672516 212 209 479
200 182638317 145 188 356
200 83583794 148 161 153
300 36925878
300 7626240
200 148901359 7 200 110
300 895171500
200 928760994 68 159 33
200 35043667 43 200 158
200 137037184 28 249 235
200 778892857 133 56 440
300 801418588
200 129911828 116 199 263
200 878382973 187 40 424
200 884221826 80 157 61
200 181749939 25 104 86
300 576411640
200 849918582 132 5 193
200 93785815 43 244 450
400 61 120 356
200 950425775 139 162 262
400 1 118 220
300 579567987
400 58 193 180
200 258822628 50 97 459
200 557061133 125 2 16
300 582496891
300 584514286
300 665439995
300 551137362
300 648662896
200 142999600 244 137 187
300 519133094
200 93950695 195 22 186
200 423184324 186 127 263
200 327663213 167 204 284
200 254769330 190 31 285
200 748836643 221 54 450
300 871672182
200 195497638 134 91 133
300 659011734
200 299445045 227 202 228
300 420109894
200 857099520 48 111 395
200 202964921 219 156 372
200 29348814 164 33 49
200 547893455 137 82 294
200 901270028 46 43 263
200 498567573 75 38 160
200 776165178 14 123 245
200 26473867 183 62 162
300 157650478
300 38156534
300 746979314
200 210895018 122 171 205
400 104 151 196
300 960292831
200 616102344 114 93 19
300 93165126
200 578341087 23 214 362
200 519313884 248 205 423
200 663190053 107 168 220
300 324838332
200 106983856 42 205 455
200 454237097 5 234 116
300 178396394
200 357586756 26 105 479
200 477968877 127 108 228
200 557302834 122 21 429
200 83041955 221 190 158
200 370701200 146 29 371
300 299196434
200 473563591 117 124 146
200 5054244 238 55 423
200 338959949 57 130 268
200 483157266 46 49 481
200 479448067 241 142 474
300 772497217
200 453520646 42 17 109
200 31999783 95 26 14
200 72384260 226 105 11
200 517597357 59 142 308
300 181749939
200 55119960 128 125 91
200 331823025 5 38 380
200 635539942 160 249 9
200 143596167 19 106 118
200 311881956 102 243 159
300 18156986
200 121414251 199 128 306
200 198856760 194 27 381
200 440332559 3 136 266
400 41 230 221
300 805522956
300 453520646
200 597387379 143 102 94
300 628126920
200 615601462 4 93 437
300 552234070
200 800930821 101 0 408
300 547683258
200 621678864 222 73 231
300 548218202
200 343915847 195 110 318
300 76847875
200 284225370 16 249 437
200 527761195 187 166 250
200 114330616 178 43 463
300 592965542
200 818423247 89 160 486
200 485539596 36 181 435
200 778065557 85 132 204
200 34396218 36 159 49
200 986208907 79 142 114
200 314593752 112 177 35
300 368564338
200 90429743 81 172 82
200 36333804 242 69 169
200 187474067 235 48 318
300 291398383
300 262187562
200 983261916 118 3 191
200 832500517 213 104 336
200 363331210 54 213 337
400 120 55 160
400
100 250 500
543310629 131 104 458
102741059 104 31 352
192390033 31 52 494
91465359 52 198 24
609800893 198 142 338
114428315 142 74 300
155082409 74 7 390
504835943 7 212 360
282325845 212 134 146
112819187 134 10 484
638161089 10 186 154
744279871 186 12 348
77516525 12 99 246
389535563 99 100 204
639287769 100 47 366
747027991 47 184 228
137400197 184 101 102
128323491 101 111 24
82047985 111 19 190
871990255 19 20 400
388783901 20 221 2
845358843 221 167 204
640569609 167 156 250
816456391 156 140 276
802911669 140 219 86
570088275 219 8 492
106865953 8 110 254
715782815 110 189 196
280558925 189 103 30
43631275 103 95 144
268517945 95 18 70
638320503 18 39 368
522302437 39 200 198
100168451 200 207 100
329080913 207 35 178
33132879 35 175 464
409129341 175 191 302
853636187 191 179 388
658961257 179 166 334
983020071 166 37 352
155966997 37 127 366
17080499 127 195 240
678952321 195 43 462
788013055 43 130 484
40322989 130 161 214
815062539 161 182 344
221723801 182 180 258
713912535 180 141 456
429009477 141 125 58
766141539 125 0 380
25970353 0 109 170
481363119 109 23 336
264879581 23 220 390
795827643 220 34 120
855997385 34 244 478
445135751 244 115 72
146615413 115 61 454
597292051 61 225 52
574096865 225 121 326
136265567 121 42 92
246208013 42 233 374
92350827 233 139 364
903131385 139 238 482
199430711 238 57 60
589292709 57 38 10
665369539 38 66 8
372104465 66 22 106
808284687 22 67 360
435758141 67 69 174
87376155 69 117 12
246906409 117 71 6
213447911 71 163 88
23210709 163 122 334
97996659 122 33 448
823915585 33 102 234
505871039 102 170 328
820778093 170 77 102
760311499 77 78 72
381422425 78 97 282
595570071 97 75 324
915571973 75 204 490
243338531 204 145 176
83843441 145 119 470
28053359 119 84 104
139686045 84 205 226
787502203 205 155 76
953823369 155 116 26
278702151 116 193 332
772304181 193 148 394
770376403 148 90 292
976996513 90 185 210
179810335 185 153 168
277311181 153 188 302
757602859 188 94 124
537217977 94 249 334
678094071 249 222 264
763497317 222 201 246
441828483 201 211 328
394519505 211 176 326
429893327 176 86 156
185298173 86 197 226
714301915 197 26 224
320888041 26 209 430
54196135 209 44 404
118644629 44 105 390
804358195 105 106 52
98899713 106 107 62
11100031 107 132 164
719799085 132 216 282
224209803 216 232 484
620627481 232 80 302
55383639 80 133 416
79432645 133 25 338
108978659 25 215 104
791855153 215 169 78
430613551 169 87 32
119426909 87 70 370
329648955 70 231 212
946630473 231 36 450
785844999 36 160 332
820145653 160 13 186
1260947 13 123 244
362091873 123 76 438
127825119 76 124 92
990431117 124 65 366
353960171 65 135 256
841183353 135 181 282
905855415 181 242 244
842906661 242 58 286
294254915 58 63 192
690610321 63 82 414
574607759 82 62 416
79618493 62 112 110
854292635 112 146 48
651585449 146 21 102
142115943 21 136 312
635500117 136 46 106
511213811 46 30 228
308528065 30 165 418
638171711 165 157 100
522110445 157 150 42
836975691 150 120 148
925390041 120 143 210
388027159 143 144 436
329194629 144 50 218
248449699 50 113 180
907418865 113 88 306
681338095 88 178 420
794133021 178 149 358
5276155 149 228 288
68227081 228 151 38
66544583 151 2 468
504049333 2 92 138
980639827 92 154 468
292102689 154 54 218
925394335 54 203 412
780905037 203 64 350
269737387 64 3 416
559174969 3 194 454
82968695 194 147 348
846736613 147 218 426
718649347 218 227 352
333435729 227 72 418
550367823 72 29 28
24395389 29 171 394
553485659 171 93 388
493485161 93 247 46
335284007 247 73 296
955848469 73 224 378
814837683 224 174 124
331165825 174 213 42
352848639 213 172 272
528629421 172 162 50
450052875 162 159 12
797953945 159 14 370
256883671 14 118 264
147202885 118 230 366
63332195 230 49 244
966722481 49 177 494
403812271 177 152 96
122544349 152 183 402
323650235 183 59 296
36228809 59 83 198
294523015 83 96 368
111666549 96 45 234
915399955 45 11 52
108523233 11 128 230
853925983 128 40 148
412779277 40 48 306
672023659 48 60 288
509082105 60 53 302
893495095 53 192 340
720461221 192 56 398
284754115 56 164 88
322312721 164 199 414
591371535 199 196 408
883948861 196 239 230
784276507 239 9 416
469782825 9 173 406
270551527 173 190 72
830470101 190 168 426
90278515 168 202 360
118920001 202 114 406
194635199 114 28 436
819047789 28 138 150
988626891 138 206 292
224370265 206 210 26
956627095 210 208 456
794576901 208 98 46
586497571 98 32 16
727179377 32 246 250
590330479 246 158 64
842175389 158 108 38
15263099 108 226 496
84444041 226 236 14
864727879 236 187 428
709423157 187 41 282
496235475 41 5 352
226589601 5 91 330
563537183 91 24 348
428874701 24 126 166
801649963 126 4 176
435052217 4 223 454
537688567 223 27 364
335812709 27 51 350
931020675 51 79 4
25267409 79 129 154
5558735 129 17 296
563955197 17 229 242
592802523 229 81 36
129932265 81 1 354
805995175 1 89 124
936403605 89 137 146
491359539 137 243 84
402672129 243 235 250
276777599 235 6 24
251831853 6 237 306
9174155 237 68 84
854366489 68 214 190
3156823 214 240 392
48628933 240 241 50
924559075 241 217 132
872461105 217 234 414
11961647 234 85 300
911766109 85 245 274
294413883 245 15 28
77972041 15 55 246
950881287 55 248 424
584970485 248 16 266
782549651 16 131 456
987796065 49 26 180
445753997 129 246 264
7490937 213 90 388
933232421 207 214 28
441616785 9 132 404
486283453 25 124 420
802161833 237 2 112
24429397 155 152 120
134529217 45 18 348
54157037 111 54 308
526510041 151 218 276
22994821 39 176 312
865013745 149 174 456
921347357 247 240 4
250621193 125 26 104
952218037 39 24 424
807378721 143 190 192
858754381 231 236 208
265513017 209 72 204
89485285 175 190 412
644419665 131 22 176
146544509 103 8 472
183409001 229 182 428
919069717 101 190 116
340340097 135 120 340
231973293 235 98 356
890528409 229 230 192
347503173 103 124 248
388508849 241 92 360
977142749 69 104 64
320007113 15 108 392
951333493 87 212 140
26831841 245 164 404
431922189 125 84 340
732040441 143 242 132
45012645 77 40 288
927960337 95 216 176
671640125 229 92 68
896869417 75 62 28
76137685 203 50 192
824728129 37 186 460
12456045 67 230 500
932472665 213 222 492
578240773 107 92 252
52876145 103 198 164
669183133 127 230 468
519938185 137 106 70
624851155 163 168 110
583829023 11 136 438
548687915 19 164 394
662993655 213 76 266
81260675 157 116 154
133903055 189 180 222
748230619 203 210 198
55264167 99 188 210
171441715 245 246 298
937506175 37 96 26
718744459 233 0 70
48868439 157 34 38
844027875 219 82 122
904474671 93 226 78
52688699 207 70 282
298131719 15 58 266
704792467 231 78 18
729369311 137 60 378
181090027 23 218 14
865982391 65 26 18
411889475 199 144 326
434199951 235 186 130
211234459 61 76 342
881774695 7 98 386
596258035 203 60 82
141346367 135 122 102
552104523 125 136 486
346595095 245 140 362
109379747 213 242 62
616282863 153 26 262
162136571 43 210 354
233535943 23 0 234
123552339 51 166 178
482950047 227 176 470
502010795 63 206 382
850550903 81 218 186
609843203 221 88 466
324028495 53 22 78
602539355 137 190 282
498277671 235 154 230
765715891 9 152 334
191277823 83 222 214
754874635 169 162 30
865278935 33 4 66
492983651 129 176 458
705810351 69 102 86
430913723 115 164 22
948446855 187 112 458
498083091 211 204 418
273462879 51 70 174
531055723 119 112 450
300760375 229 200 242
539831491 197 32 446
185070351 105 96 162
894540827 57 154 162
836591591 147 124 462
202347635 237 132 26
421772223 193 126 2
104756683 137 196 242
194561175 77 58 414
880227363 29 112 474
165351535 243 246 438
294544763 137 168 370
837812039 5 0 246
109013459 169 186 94
751024927 55 208 14
804023083 97 188 346
564348407 153 242 242
697854851 83 98 18
325265359 85 242 210
133376219 225 190 154
459825831 227 100 126
354943795 183 184 398
651108479 147 82 486
305710731 23 236 338
702857559 109 216 198
377724131 207 102 246
765975343 105 130 30
114812475 193 236 306
927869959 151 140 230
720779411 59 134 90
639495135 9 176 450
488002027 181 168 226
325376183 71 96 362
801139267 57 120 258
273778831 103 164 466
291441051 63 48 106
152315239 89 146 294
598553075 23 168 218
213758271 53 218 454
282922315 145 196 6
979809303 185 160 478
460796323 179 124 438
205008879 103 0 194
769692411 201 104 118
613568199 225 240 366
171558739 145 246 262
294023327 63 190 358
971307179 27 156 14
636614007 173 134 102
493168899 223 118 362
191066959 1 48 54
562356315 225 154 190
772136487 157 2 452
798280065 133 158 196
62547885 27 146 248
698452121 63 150 232
5584453 45 38 36
453958833 185 14 168
308431325 95 206 348
271946185 111 120 152
475740277 239 206 460
531288545 187 94 284
511730189 243 190 468
102721785 13 6 280
348006053 137 230 112
736864529 7 156 196
76684349 125 30 384
142447657 3 126 328
546373845 141 32 292
132431937 61 174 284
500881005 245 68 352
280464729 51 68 8
490836229 63 202 144
825094001 153 206 52
475528349 215 16 96
379288713 223 58 428
345143605 57 106 312
150298273 75 160 320
543278285 187 186 408
112302009 205 190 432
84692325 71 172 224
99463121 243 162 324
608565501 249 42 192
326609129 15 80 52
596798357 39 44 340
945414913 93 128 148
37881133 127 88 100
995826713 185 198 292
928454597 221 6 344
47694385 227 30 28
875144541 219 124 132
582938953 111 78 228
911768053 201 54 40
100313953 191 64 242
699231467 31 6 42
30581687 199 100 182
52763459 191 228 146
793621391 51 208 78
997385371 173 70 426
342877799 3 56 470
795255539 21 56 202
808805951 99 44 314
287156299 161 190 6
838546711 139 146 182
969944227 151 212 322
379968239 201 146 190
77117435 21 140 110
598366663 151 226 230
709329491 249 180 190
681185695 243 244 190
83118507 143 188 298
480428151 23 150 366
829582851 165 224 114
402824783 17 204 382
886108507 29 158 54
335505703 19 184 430
635853747 31 200 126
146781951 219 90 222
884925707 133 206 126
812364247 181 134 486
432608611 111 184 470
789339055 151 236 190
101604027 201 40 330
605516423 123 204 126
476420883 29 228 202
138986079 97 114 482
691712107 29 130 130
523110711 121 22 254
633793731 175 192 474
889211151 35 248 110
897143323 237 188 498
734688743 9 110 38
186466419 45 204 338
276323263 69 148 94
851422155 231 128 290
429008023 223 48 46
489237027 35 28 290
179725935 177 56 154
795075963 237 36 254
471864647 243 240 346
775268819 87 44 350
42321695 51 232 50
765843243 141 242 166
916432375 239 42 198
108880259 75 152 422
413236687 49 72 238
224110811 247 188 78
398503591 13 176 42
748400435 7 48 282
458159743 81 114 98
38089355 153 148 10
204377431 51 74 320
400 213 102 274
200 360250973 191 118 464
200 704408290 94 83 413
200 370309267 159 196 166
300 736864529
300 596258035
200 804215516 202 5 271
300 546373845
200 824584771 43 40 238
200 690436272 232 9 139
300 780905037
300 409129341
300 324028495
200 696704499 93 46 22
300 25267409
200 826824374 92 217 237
300 502010795
200 597027717 17 178 276
300 927869959
200 708046992 82 191 307
300 651585449
200 993237703 95 178 18
200 196495908 234 5 75
200 576474957 157 248 456
200 494206482 54 73 385
200 571875075 137 24 118
300 181090027
200 645712902 2 195 321
200 141175335 129 12 238
200 545311748 178 205 67
400 14 191 292
300 871990255
200 107745010 192 75 169
300 574607759
200 369803953 103 88 112
200 437367014 152 73 101
200 69448583 101 162 410
200 190075364 226 151 255
200 485632013 79 42 396
200 148874194 104 3 81
300 335505703
300 320888041
200 986608655 123 16 362
300 92350827
200 12591938 204 89 393
300 875144541
300 911766109
200 933709503 49 74 90
200 139401276 14 45 155
300 450052875
200 976495907 101 64 222
300 640569609
300 808284687
200 343475756 156 151 171
400 174 107 348
200 545607588 222 107 147
200 225362125 97 72 344
200 843450770 76 121 413
200 513924227 229 62 198
400 57 178 256
200 540312539 85 44 134
200 157110760 178 27 435
200 389485313 51 40 244
200 102899190 44 81 265
200 515037271 215 182 186
200 911059828 12 43 279
300 976495907
200 209726779 233 118 338
300 152315239
300 784276507
200 104781668 40 155 399
200 412227981 13 240 428
300 333435729
200 364211896 30 73 219
200 634557073 123 78 160
200 648020806 222 235 33
200 672908903 197 36 6
200 413188932 154 175 111
200 934877165 29 18 460
200 317434418 6 219 193
200 535175843 243 24 86
300 102721785
200 752467494 246 119 325
200 308520391 249 112 126
200 77995812 128 3 131
200 589050445 157 22 8
200 101061906 86 71 409
200 230384643 183 136 214
300 552104523
300 7490937
200 615440268 110 213 455
200 698348309 41 218 418
300 91465359
200 960508278 192 199 429
200 98139607 59 24 126
200 49565940 4 131 87
200 145221853 111 100 304
200 256929122 70 175 473
300 598553075
200 709815009 81 36 92
200 728206934 14 63 113
300 277311181
200 426883493 183 130 272
200 713238794 36 197 169
200 792083995 205 28 266
200 109054760 160 5 71
300 402824783
300 104756683
200 239782253 27 158 176
200 326380466 36 41 417
200 413526563 33 226 346
300 791855153
200 333314982 198 45 293
200 914369351 39 126 434
200 444460708 174 143 487
300 896869417
200 539626795 205 26 62
200 662678520 154 161 47
300 326609129
200 269472719 39 38 326
200 596639500 212 227 159
300 574096865
200 376762163 55 220 402
200 524264928 50 243 379
200 824183577 205 188 148
300 1260947
200 392320116 94 215 427
200 965821533 235 202 346
200 117959368 50 151 15
200 444988001 73 128 120
300 635853747
200 423726812 186 7 3
200 702831397 233 22 88
200 542797450 44 157 453
200 37806491 25 60 198
300 5276155
300 718744459
300 431922189
200 967066106 30 129 445
200 403484491 227 12 418
300 824584771
200 395820910 142 201 189
200 295440879 221 204 390
300 345143605
200 743692450 242 111 249
200 986938707 107 82 478
300 519938185
200 241855382 196 241 197
200 526538615 107 238 298
200 251655700 132 47 355
300 118920001
400 174 85 307
300 114428315
200 360533608 88 137 99
200 218914689 203 196 204
200 871979126 206 69 5
200 428511959 75 70 414
200 737606132 208 245 315
200 123051997 27 90 288
200 600360034 50 139 253
200 584385043 249 90 286
300 251831853
200 76194134 242 225 337
200 720122935 201 126 382
300 139686045
200 728099338 164 5 73
200 24044315 55 72 26
200 179649064 78 211 175
200 963480641 111 170 8
200 7799350 164 123 421
300 199430711
200 655741701 91 158 376
200 695017706 134 209 405
200 863368827 49 62 386
200 127733256 214 219 167
300 990431117
200 271255583 179 8 270
200 841567772 164 85 267
300 47694385
300 921347357
300 30581687
200 855520463 141 168 14
200 230454284 60 51 203
300 830470101
200 9475635 23 242 422
200 127396576 240 7 327
300 488002027
200 987721303 133 42 134
200 146289524 114 69 415
200 549414749 45 12 264
200 810250210 218 133 65
200 968089491 217 46 214
300 428874701
200 191563990 200 211 313
300 48628933
200 991941669 193 152 16
300 911059828
200 453780912 236 211 15
200 110952361 23 154 192
300 45012645
200 401460036 2 207 199
200 23874029 45 80 168
200 135452722 232 133 381
200 952558243 239 30 354
200 118709648 24 173 359
300 842175389
200 216513479 169 56 422
200 844061988 112 221 151
200 467662925 123 240 304
200 650213650 210 225 493
200 959732227 127 28 414
200 505139056 212 109 439
200 757292649 11 74 64
200 420304318 152 187 457
200 819080447 213 70 178
200 109704572 180 125 15
200 74201925 87 236 68
300 251655700
200 874347344 52 203 491
200 426993353 249 94 492
200 361526942 138 139 341
200 765540447 79 146 178
300 353960171
200 689170642 208 207 305
200 928307395 87 0 110
200 31116592 152 155 195
200 940684073 113 208 296
200 215137662 238 201 409
300 142115943
200 738510189 99 194 16
300 903131385
200 363279384 162 101 119
300 155966997
300 672908903
200 281076125 171 220 164
200 685923106 2 143 409
200 268211667 29 178 430
200 712282112 236 231 239
300 389535563
200 39323639 243 32 338
200 34880148 102 55 289
200 351029979 231 58 2
200 993465576 22 23 275
200 547662849 109 70 84
200 363645174 154 141 21
300 224209803
200 299296453 35 136 96
200 314365354 212 199 413
200 587860027 111 222 474
200 601414856 202 109 211
300 69448583
200 940994015 149 234 338
200 664702172 120 129 231
200 71781669 99 124 440
300 26831841
200 227570864 176 159 459
200 895210153 23 140 268
300 562356315
200 252766788 80 71 39
400 238 95 379
200 664310972 172 123 79
200 613218181 51 214 4
300 102899190
200 139485840 162 139 267
200 927122697 39 216 172
200 146271198 210 97 41
300 271946185
200 796829005 177 22 284
300 191277823
300 243338531
200 689290318 182 113 45
200 458388815 5 2 190
300 102741059
300 459825831
200 682470504 184 209 31
300 816456391
200 315496447 3 46 182
200 78181500 176 33 347
200 532451909 87 202 10
200 960594000 240 35 271
200 465404873 219 194 406
200 461557220 80 191 15
400 132 7 -1
200 340399708 44 223 247
200 373012645 167 20 200
300 789339055
200 9589296 72 11 59
200 927710249 73 244 500
200 534840446 232 69 389
200 205531327 157 136 322
200 419370044 150 195 455
200 760568069 163 208 216
200 245712106 100 81 245
200 111717499 79 134 370
200 186122248 76 245 423
200 674285217 63 116 380
300 76137685
200 44766748 78 51 455
200 124510053 1 2 404
200 8074698 6 223 17
400 190 137 -1
200 643749122 160 239 193
300 100168451
200 909186305 55 238 144
200 89911286 82 199 241
300 389485313
300 754874635
200 695119843 227 190 158
200 750479312 244 81 179
300 855520463
200 599961351 77 230 146
200 801119588 118 29 259
400 196 169 -1
300 89911286
300 12591938
200 169028280 14 245 11
200 30591633 99 96 308
200 741791046 144 209 157
300 128323491
200 92031573 137 26 380
200 963129594 214 69 341
200 759332939 35 212 418
200 842616984 210 151 427
300 802161833
300 480428151
200 19193885 229 168 232
300 895210153
200 316331912 160 15 27
300 743692450
300 413236687
200 508804685 189 12 180
200 228749586 124 189 153
200 870141955 247 196 66
300 951333493
200 230674182 14 21 273
400 62 175 234
300 347503173
200 236073220 62 47 463
200 430709933 125 202 148
200 146028530 72 51 437
200 196226403 41 228 146
300 40322989
200 615316966 48 101 141
200 448115847 71 194 90
200 454664932 178 129 115
200 359700237 65 244 264
200 490215122 18 151 265
200 128858819 123 148 422
200 48617264 52 151 71
400 70 245 237
200 972867368 192 209 423
400 244 37 239
200 422097952 160 59 263
200 37182553 109 16 296
300 678094071
200 585808052 162 233 51
200 562243485 75 28 240
300 874347344
200 55174408 188 221 155
200 539916705 3 244 176
200 866773526 120 41 341
200 810130935 161 222 374
200 873106580 202 113 43
200 160408573 79 156 296
300 591371535
200 861289704 190 191 123
200 688146433 53 134 300
200 379707638 80 249 481
200 519851863 151 128 314
200 65130612 84 25 63
300 993465576
200 366998587 137 100 174
400 93 220 242
400 48 83 171
200 756672794 144 11 461
300 246208013
300 137400197
300 702831397
300 435052217
200 34357827 145 100 70
200 91034288 154 15 191
200 794654889 165 126 492
200 20560126 98 59 237
200 714068799 223 202 398
300 411889475
200 60426546 30 119 89
200 204067747 135 74 334
200 101291152 58 237 331
200 655321865 143 124 480
200 556497374 178 127 109
200 843696287 117 36 250
200 131350684 8 119 31
200 357095397 137 12 28
200 790767690 66 231 133
200 24178267 69 232 58
200 944638568 96 101 435
200 235823489 171 66 304
300 709329491
400 59 100 244
950
100 300 1000
461870682 0 94 35
691873024 94 33 165
764389654 33 107 83
489572380 107 131 273
508477842 131 1 39
39630072 1 117 349
124918734 117 100 151
545447828 100 155 333
688853450 155 209 31
324305392 209 246 93
391329670 246 11 75
150203916 11 12 97
437399810 12 13 19
997116392 13 270 481
737139774 270 259 151
12145540 259 87 177
520290106 87 106 371
229707488 106 297 177
535858166 297 284 323
86437884 284 24 429
409834098 24 194 67
952971480 194 50 109
232424622 50 192 443
774677364 192 116 117
390408362 116 234 151
184984528 234 221 169
126082150 221 43 47
561059820 43 235 205
280852962 235 129 387
860309448 129 81 485
999912222 81 95 295
265015140 95 167 313
266112538 167 157 391
621059776 157 269 209
629418198 269 136 39
550569948 136 96 133
525213010 96 182 171
76946616 182 206 229
612607886 206 247 351
642111316 247 20 29
378548106 20 41 107
944373680 41 186 45
489189702 186 75 475
34296780 75 152 301
526468802 152 10 115
64580520 10 121 309
148882430 121 15 499
933528900 15 148 353
954666234 148 286 327
268448416 286 153 49
151158710 153 36 487
20928956 36 295 157
898471986 295 9 287
300223640 9 145 297
39134830 145 55 295
356940596 55 56 9
948788330 56 165 367
145452432 165 214 141
90057766 214 204 235
870014380 204 84 321
332033954 84 210 199
122866056 210 185 145
534775006 185 184 127
461758756 184 63 77
626686938 63 6 235
707830400 6 218 45
508768918 218 283 15
548688284 283 279 453
358875922 279 25 119
54974584 25 37 53
997337422 37 112 491
598118164 112 72 417
34568522 72 62 167
432253296 62 97 29
397241094 97 276 295
133041548 276 76 29
345775234 76 281 347
91606376 281 222 485
72496574 222 79 395
763538692 79 31 185
550768826 31 258 235
133764704 258 253 49
379152758 253 232 415
212332412 232 183 153
816064498 183 85 231
874424408 85 133 93
126664238 133 224 395
366875380 224 263 201
797186602 263 89 215
287279952 89 90 137
33411046 90 23 67
357969260 23 179 425
591261538 179 93 387
128294728 93 2 177
831070366 2 260 351
74981092 260 271 465
633429914 271 54 215
21732416 54 146 213
35781718 146 280 15
560107868 280 7 217
112568530 7 109 363
982785592 109 125 17
630745870 125 287 407
134205652 287 8 433
183347978 8 105 431
441572656 105 233 101
480388294 233 88 55
254183244 88 108 133
729985602 108 217 63
523862824 217 73 425
738668926 73 191 43
101960388 191 203 181
861563002 203 113 127
358332960 113 38 101
168825654 38 27 291
904990524 27 223 285
876326322 223 26 115
852807192 26 198 281
162296814 198 199 167
135831732 199 272 421
367616490 272 57 151
22191888 57 285 357
79142822 285 216 3
295798572 216 187 309
503814946 187 242 387
227844360 242 294 437
730097758 294 299 407
20113060 299 219 277
302435674 219 130 247
411087872 130 197 77
917538326 197 4 311
439783708 4 211 29
815650962 211 173 59
648225784 173 134 345
85697230 134 135 407
339820180 135 251 245
162479818 251 170 183
699702000 170 138 197
29793926 138 19 99
131725068 19 140 437
440024578 140 293 287
28244200 293 277 73
451828030 277 51 323
474837636 51 176 25
661239354 176 42 63
401087968 42 237 9
690388214 237 171 383
416987388 171 39 449
571746674 39 229 331
781314520 229 77 173
476992942 77 92 155
773934196 92 231 73
313316778 231 29 251
540687568 29 45 269
834061158 45 215 123
28118252 215 164 181
146264290 164 58 311
256571080 58 162 401
704447518 162 59 263
433811044 59 255 81
871023898 255 78 331
92927936 78 22 473
492411350 22 163 55
116412636 163 104 21
571225170 104 265 187
60366776 265 166 85
713830030 166 32 179
788215380 32 127 493
645880970 127 169 291
7753392 169 249 373
410362438 249 52 447
425928396 52 91 89
163075010 91 274 219
492870312 274 86 493
295176958 86 175 87
334472260 175 40 77
650246650 40 177 75
794706336 177 230 197
40309430 230 139 23
435116220 139 60 309
321072946 60 178 447
984663448 178 114 405
885520238 114 220 135
907500084 220 47 33
771333482 47 161 415
107008144 161 261 165
126199590 261 296 35
530835116 296 103 481
963888802 103 118 95
565723784 118 101 425
742902750 101 208 155
231505956 208 128 325
502772442 128 193 87
63058304 193 254 265
614966166 254 236 223
592433308 236 248 149
261167634 248 14 51
154538360 14 189 109
88008270 189 268 179
273870356 268 200 141
528693834 200 201 243
240580720 201 110 9
60740102 110 275 91
870796428 275 159 413
807545218 159 142 383
142184552 142 137 277
573144254 137 188 363
501875204 188 207 169
307808186 207 250 223
998122848 250 65 265
93832822 65 288 479
277461116 288 132 409
764278002 132 213 355
861312856 213 34 85
276388142 34 212 3
499170292 212 123 353
247421738 123 66 219
59136592 66 69 69
4817126 69 16 467
148565100 16 196 269
33258594 196 290 499
137842248 290 141 337
318053790 141 144 403
697337828 144 172 429
435000986 172 74 459
96059200 74 49 141
771059030 49 67 411
796542556 67 156 341
988580306 156 226 131
644844856 226 18 317
559870478 18 147 95
665006036 147 119 181
779802634 119 150 203
904328752 150 17 365
198347718 17 80 403
979106892 80 195 261
60618050 195 273 275
11790376 273 238 45
368932990 238 44 207
281864644 44 240 161
334372730 240 149 187
544014112 149 53 341
94911030 53 228 435
483331644 228 291 321
320109234 291 190 271
588496152 190 46 201
759331566 46 64 331
175262132 64 267 113
173594858 267 126 119
513830416 126 241 273
297947302 241 124 379
4698668 124 180 133
799652898 180 70 459
176691720 70 82 493
271200094 82 160 447
746737572 160 227 193
683803738 227 257 67
482703616 257 205 169
520288022 205 143 151
436211740 143 48 405
782823314 48 202 83
319132408 202 262 81
702280654 262 83 383
903585172 83 264 225
146866122 264 122 11
873851376 122 5 321
114347910 5 115 23
484862988 115 28 457
683218178 28 98 271
326131176 98 282 185
134455358 282 168 443
347967876 168 292 237
504130874 292 266 27
891314912 266 174 377
213754870 174 256 455
223328252 256 244 33
628539506 244 225 291
859639512 225 278 361
222859950 278 35 15
45900148 35 99 365
55607978 99 245 339
661588944 245 154 97
612398182 154 3 351
148884460 3 120 485
487125474 120 158 439
812295624 158 298 221
222415646 298 68 403
516361572 68 239 185
339016730 239 289 59
997571776 289 30 481
495993046 30 111 187
735104988 111 243 473
746998610 243 61 387
333956280 61 21 97
14360974 21 252 231
562861396 252 151 265
893735818 151 181 331
950260656 181 102 137
321128774 102 71 323
48326092 71 0 149
510012098 266 259 113
952914430 126 23 405
370047738 274 7 297
546833334 26 55 469
108316210 130 295 53
629224558 278 55 337
30507114 82 75 37
71170598 290 35 61
393471906 122 59 25
12999902 10 239 1
859185114 2 275 497
257772182 46 7 297
762982674 98 67 441
774008142 246 59 117
473103178 2 83 45
109852934 246 51 13
301924482 190 67 125
981255102 238 231 201
706313914 38 179 53
969389942 14 99 117
399412210 282 179 385
866934830 18 295 229
604047402 274 39 413
133588966 126 187 273
890229602 22 51 85
410510494 186 159 265
39177626 246 235 201
438965334 282 83 361
933877458 294 39 161
480344334 266 143 421
148819722 190 223 101
697941190 162 295 197
893621826 138 207 285
450164094 178 175 281
918410874 154 187 421
725377334 102 107 49
920574898 114 123 345
45725678 106 135 121
208242154 166 39 369
70137766 270 23 61
980226850 174 299 405
961279582 222 239 221
190055770 10 51 457
599170582 66 219 121
141559442 234 135 277
853717198 98 299 289
668544202 34 63 37
524039814 114 223 377
898545154 134 167 185
664069950 126 3 181
928012858 78 167 353
985006326 58 119 105
311777138 118 103 393
54106542 290 15 65
201362858 138 99 225
487625062 98 187 133
182484706 90 275 165
285381150 34 167 141
549139226 38 195 157
371727830 102 99 5
784097874 94 275 337
98281614 178 207 65
853677194 146 171 261
953053254 270 111 201
298844610 78 159 241
706175742 86 235 409
140601338 42 223 273
549778614 166 155 5
991766322 10 127 461
854328686 142 251 289
162906474 290 275 125
214084390 270 287 429
647315106 254 279 17
371598302 262 3 473
132522202 102 11 461
168751510 162 79 321
448401938 30 203 269
639417934 114 271 213
746844746 218 183 5
276144134 178 59 345
707961218 242 219 397
28393662 186 119 1
330366906 206 191 133
884872310 90 111 293
600515314 86 223 65
482385198 10 135 345
303660842 298 291 241
151291110 266 15 9
746255458 230 135 141
840005022 222 179 137
177524378 98 271 409
918548822 246 91 349
532540882 74 283 65
123731982 42 67 21
169447434 262 15 177
858216902 202 43 457
108045122 174 259 217
566443134 130 279 261
197758330 202 31 61
791789110 218 7 337
556771506 10 99 285
753043694 14 35 461
55639274 64 257 195
289981484 60 45 203
680359944 40 217 207
142577060 128 109 447
166945024 64 49 83
346492444 292 237 79
69103864 0 157 23
118067604 156 5 371
397182960 108 181 191
642312716 164 197 451
58506216 92 1 295
399284612 276 153 39
312115424 104 29 163
189642236 128 13 179
102558936 284 109 3
39250292 288 5 267
125244880 168 93 235
425282028 196 181 483
33424328 248 173 79
348984676 172 29 443
146542784 216 97 271
614845916 136 5 275
940483256 272 293 387
71521108 60 189 155
514014128 108 221 111
911677900 212 289 471
16997800 292 133 35
113470788 156 145 299
220229280 140 61 311
908547516 88 225 155
324061336 100 113 299
129103668 56 53 355
401437584 196 5 195
549083564 52 97 207
79712136 164 45 83
841847588 260 193 107
69131904 176 193 483
826953116 36 165 467
685465208 256 285 399
890950932 44 281 455
431547760 8 145 307
402327948 280 17 455
720458600 208 277 179
447949060 184 101 191
35293280 272 121 227
596030844 208 257 183
557919832 288 189 347
505777908 268 149 459
939364688 20 253 155
858518380 292 201 487
949246792 220 265 131
462854884 116 33 235
151743552 36 41 223
911510876 68 269 487
313121336 148 113 191
297094356 52 161 287
803412272 264 1 447
922007884 64 33 103
909524776 256 53 431
297472196 120 89 247
142500384 224 53 447
791401788 156 153 331
276335128 88 105 71
500623028 200 209 479
3267344 80 21 223
624460588 100 281 111
698309896 20 293 15
422404772 136 253 447
537667072 156 121 115
870957852 92 97 287
758781432 20 77 71
231914132 296 225 139
356977904 60 209 375
57237260 88 253 439
103607016 76 53 467
188083844 44 249 27
853301728 248 73 35
960228092 76 225 491
877766104 260 249 219
371247220 256 221 491
783644880 0 221 479
44042476 192 93 135
309441224 192 261 203
709669988 44 285 39
1482688 28 241 459
486507228 288 49 199
736549816 172 53 79
268663892 120 249 175
893356720 152 73 111
468277452 204 129 163
43341480 188 53 491
572085828 68 205 211
995341216 120 273 379
346852028 236 113 231
686929816 136 285 11
596484148 12 245 99
544738448 272 141 31
240654508 52 273 199
133889672 92 125 135
535048740 132 37 483
538996096 12 125 231
760597660 112 153 27
329239928 76 145 319
496790036 284 81 235
139918960 24 13 499
889131660 36 229 95
248138856 232 241 383
975521796 76 97 211
732586336 40 269 191
564324988 180 37 443
954801496 280 249 195
433942004 120 269 27
624531024 168 289 311
411428972 292 29 415
301678664 296 121 427
740230116 72 89 223
219754816 200 233 379
769409628 292 65 251
250956088 280 125 479
489546196 132 201 483
45260336 80 77 207
127544908 284 201 139
458635304 24 93 347
145660868 24 97 207
892680992 136 205 359
4472892 176 133 343
153581848 24 209 195
67487156 12 157 379
139780112 222 131 353
998526498 66 251 161
798575454 218 123 65
101113946 178 43 253
565809942 30 91 489
472730514 8 149 367
41411476 228 53 259
41783792 156 241 431
622553100 220 117 115
194241512 156 253 59
313579396 200 45 259
639592672 8 49 95
985379836 16 217 175
829213400 232 253 55
902211444 236 93 231
280985040 36 189 199
390252524 140 37 167
671179208 116 157 27
57851748 276 289 247
67972800 260 205 87
189792732 228 97 483
749043896 56 41 319
168090452 112 117 375
930601392 108 201 339
181901260 296 173 223
195593640 196 41 223
374030148 260 61 251
800965280 280 141 139
46355388 268 33 7
11445912 288 293 51
269464884 120 45 335
459870608 20 89 199
518824364 196 29 251
206679432 264 89 243
74895652 256 25 299
5817984 36 253 423
532499356 168 97 127
974849656 248 153 143
664062228 100 189 375
586567024 20 129 275
539592588 84 193 487
982102376 136 49 219
853056772 140 89 187
540766304 56 97 351
800450940 228 193 231
246221912 104 221 227
426855668 120 145 119
866936144 108 161 451
410087788 80 185 231
605613896 84 81 431
870884068 224 137 479
217614912 20 241 335
324714844 88 265 235
123516984 232 61 175
102580436 32 45 219
810792752 244 177 407
208404812 36 21 403
146920232 40 1 399
55477444 96 197 303
686639648 12 113 471
344525116 112 89 415
5742104 212 249 155
705733812 112 257 483
618939152 192 241 63
187433260 280 241 191
776780552 132 193 235
508731556 276 129 259
551685632 272 49 3
273910556 96 29 315
982892024 80 117 75
425607828 120 185 247
35681520 68 217 431
69824780 76 29 199
209457896 200 293 291
802303108 64 29 307
402552800 48 53 63
291629308 64 85 451
540981720 224 165 435
363707508 96 121 207
201346256 144 289 115
47993068 260 253 95
850202824 266 51 89
294733082 282 263 85
785037782 274 119 73
619494994 246 243 141
79021198 126 231 109
67918986 174 87 49
28656198 14 267 153
241838018 170 275 137
370521342 150 239 305
34278906 182 63 241
189449910 110 35 105
413893426 154 215 129
822354286 186 171 105
120823146 86 159 109
903680294 52 257 379
29645960 0 177 71
192952868 22 207 221
420660118 126 95 73
722183186 34 235 289
443734606 290 151 361
176489546 142 247 465
39350790 50 27 41
669908354 142 259 437
828450494 2 183 297
778113466 286 127 289
987410550 220 221 471
311229272 280 97 459
216083444 136 69 307
398144592 204 213 295
881026668 124 113 303
592617032 104 189 363
586381284 88 221 75
171855680 264 161 459
456474716 224 209 159
662368568 68 213 351
15245268 116 89 363
831574064 76 45 63
191119436 140 85 115
263493160 120 69 455
53453764 152 133 403
255940896 20 17 355
690606652 236 65 267
416896792 168 165 171
999443892 68 57 363
467276304 128 133 111
26539564 208 53 303
300430344 52 53 31
925843364 196 197 307
953078528 84 293 447
910494236 88 189 75
127937784 156 25 267
116067732 140 65 175
512686576 264 285 391
425584140 124 137 59
880820712 128 165 383
90852228 156 297 39
21230304 288 77 103
463057404 192 121 483
892119256 22 155 9
568909994 34 271 97
4578918 294 247 269
549125090 190 15 125
527411998 242 243 197
188972058 66 223 269
847522518 38 87 193
231658834 96 69 323
53076 224 1 343
52538800 88 157 155
6479820 44 201 475
656597928 176 149 191
376615748 264 81 279
872458912 116 273 411
892635068 108 133 391
914130072 20 201 87
863518004 28 41 423
89436048 156 197 151
56186284 192 153 303
481837448 172 133 191
768268580 236 61 427
594011264 28 113 315
664816028 292 17 123
345315960 116 293 31
756647700 84 45 59
325984624 128 237 51
962776972 124 153 387
110235496 256 169 407
436787972 164 225 479
563528800 56 169 139
149940092 76 113 179
881388120 128 221 259
533189876 284 137 255
97204560 128 137 63
260842860 240 105 351
994252616 276 241 239
470802660 184 137 27
666558016 4 285 119
896253788 190 131 461
969005326 22 135 157
126340874 234 163 393
699751622 94 223 465
653697090 190 75 137
900636542 82 71 313
988632698 74 79 133
120305462 278 191 117
141059506 14 103 65
535604206 110 87 153
5918698 282 11 357
586967974 286 239 201
315773730 270 167 241
165505630 178 191 241
242255194 242 179 9
6485014 30 127 333
696684690 70 59 353
192062670 58 235 309
804714186 58 7 113
745316486 230 127 37
375111682 14 3 57
153653566 250 247 293
722431546 122 31 49
836037366 38 115 169
156478322 194 203 289
161910190 90 31 237
120622506 134 79 161
381549414 154 59 285
586844386 270 275 97
370700830 174 163 273
214727962 118 123 329
319031254 150 75 157
242019410 290 59 193
675309198 74 27 81
926880906 198 23 449
561568326 230 107 493
196545474 154 43 285
476384510 162 167 165
585085434 206 15 429
172168374 210 179 305
165327154 236 137 171
395203124 164 25 159
414482064 32 145 23
778507436 80 257 243
147334792 244 1 471
384923684 180 145 475
31028096 32 233 103
488360092 200 81 459
533301624 200 213 331
145090068 288 285 191
81883248 28 265 139
346113164 256 289 335
115017832 260 217 495
753596932 212 157 383
93756768 76 201 355
873916028 264 265 223
688263000 168 89 199
257223156 186 143 149
155236582 22 55 201
254686306 142 39 17
674635678 278 135 333
257562778 6 163 305
596630358 134 55 45
909984210 150 171 177
755182094 258 283 221
9422346 202 295 313
744525254 18 23 177
666976578 102 75 5
327476862 154 163 145
687593338 138 291 65
165245494 258 83 421
354497202 82 283 269
868739310 294 143 233
977572074 214 271 297
11634854 110 79 329
173306914 10 67 117
382232414 94 183 377
581338714 234 127 161
607137558 226 23 197
165076370 174 247 93
276310990 222 127 193
686340042 70 259 333
767297414 70 35 229
59048706 134 67 5
95986238 66 59 445
402086714 26 223 197
88871414 186 87 461
446055026 102 3 349
107006638 106 127 5
491717802 274 223 453
828877926 18 99 129
100013538 106 99 473
27422494 230 207 185
251048986 6 255 337
783644886 132 165 359
119749816 144 25 103
419925332 96 193 59
879826352 244 193 411
532897228 212 125 227
252527016 128 261 87
826260292 220 257 235
729677472 196 105 127
4935612 208 225 103
884630168 144 85 407
58746676 166 3 57
582482982 2 75 189
890150818 14 135 89
156538078 126 71 353
577755098 190 295 49
685750422 258 31 113
590539026 258 171 161
776564558 210 47 345
155890506 158 11 385
352467718 234 47 401
592820354 154 7 421
914815934 290 107 409
69861562 218 219 469
977675638 290 247 105
601755122 222 7 265
119131694 94 179 461
122994730 166 235 281
26741734 120 209 199
262646600 196 93 203
262610660 100 33 83
203605568 236 121 427
478644060 216 53 455
34763832 284 57 31
14152404 228 297 35
478475056 4 81 59
276102476 96 41 267
563356456 244 173 235
597019332 116 193 111
226512928 36 1 467
375639868 116 149 183
204874776 296 25 439
13902004 176 29 227
248034576 198 79 209
63059746 294 239 497
600452702 198 179 477
192789850 2 115 361
683922966 50 19 49
25031826 2 39 441
895412430 274 155 13
105257674 274 23 293
114416262 278 107 321
567635458 286 143 193
32789822 246 159 477
515248698 270 175 101
442106614 66 163 389
362076530 174 151 401
137482670 238 239 477
413760426 74 199 193
225612646 250 7 169
820197090 62 131 121
81657886 226 119 301
29499674 198 115 161
120411606 186 195 441
383588946 30 63 425
921348750 22 131 489
2898058 94 27 1
905371206 162 171 125
992576450 62 287 381
628019454 278 163 201
675225594 82 23 241
214314166 78 7 241
375330098 266 295 13
115096942 214 55 493
410089834 162 207 345
857517350 254 95 185
779431074 90 223 373
117019102 82 87 221
30033114 38 259 249
520890774 254 43 449
850919442 94 295 465
183381070 238 83 169
400613450 30 211 265
382444038 6 167 81
365858690 18 19 353
147918014 110 291 473
604420026 250 255 153
548883574 166 191 313
109383922 98 83 141
860069678 114 239 25
525154090 66 279 397
492209894 42 231 21
164815458 86 287 81
326610334 178 71 157
136742554 70 67 17
666184022 58 95 353
382641618 174 3 53
180631566 106 43 397
267288074 250 35 141
58022854 278 123 393
374665026 2 255 25
118139518 294 19 449
150764410 262 179 317
247316534 118 187 325
982985394 38 71 421
187168494 162 11 301
43482858 238 67 493
105207462 170 179 413
274145826 90 127 101
551731038 58 27 205
955656794 262 239 477
968405782 22 107 109
8115602 74 131 117
485964238 82 11 285
498064330 94 243 361
223270278 122 87 181
74887426 90 79 137
253177918 110 239 313
793482042 174 179 481
774791158 94 87 321
783591026 82 143 17
132386478 54 59 225
618314922 54 247 101
450801766 72 285 263
346782664 260 197 187
819596644 188 21 363
467016896 216 57 299
643417564 48 193 27
681895096 200 13 307
427707220 224 93 23
412464048 6 35 297
858741442 78 251 457
226170878 110 127 277
233021690 166 163 125
932809142 286 263 317
782464562 194 99 9
510491246 210 203 173
534179946 266 223 69
357026342 50 139 189
77052322 186 95 65
750082270 2 127 253
278283738 90 179 401
503252630 58 19 177
26468626 134 239 281
648655694 34 119 333
558749514 26 87 437
261163270 26 67 65
782119042 42 63 77
46579646 174 79 173
243573946 202 163 497
891581302 254 207 209
767062514 266 123 413
357475886 130 231 49
1865770 54 71 365
725656550 190 51 221
144994146 26 99 193
37202590 126 267 269
182893978 190 63 417
928815702 254 155 225
404326098 26 131 153
283033358 2 291 245
105201418 170 279 285
937359558 298 211 133
532203074 130 171 265
797607294 202 119 9
230620282 162 191 373
747576630 34 239 13
8648626 118 119 309
783075310 286 211 229
748353002 66 43 485
237242278 246 227 457
980580642 166 271 149
115115614 194 19 485
306536794 86 191 81
44666902 62 31 97
140859538 10 163 341
74498254 218 39 81
743808202 194 63 405
267874950 70 267 29
17401858 14 115 409
931166014 68 237 303
637850080 256 93 195
114891004 124 161 443
695620568 260 157 375
526368884 216 181 331
491857616 96 281 151
633733356 160 265 371
234826440 260 21 475
564060772 168 69 271
940616640 276 137 331
831748828 24 1 415
103254456 240 157 171
874411092 228 293 363
276248752 156 41 459
352721612 48 93 347
500799656 276 77 251
444405828 264 185 211
55506336 120 233 67
312246972 108 109 255
495188376 104 245 467
400 188 121 266
400 43 296 450
200 573302011 199 116 106
200 163608200 84 125 459
300 800450940
200 483424415 99 72 238
300 489546196
200 143718418 194 47 329
300 39177626
200 276086353 241 262 436
300 586967974
200 94257292 168 201 47
200 571041813 229 298 464
300 443734606
300 276335128
200 589849718 18 235 13
300 544738448
200 708986949 9 10 396
200 579661610 298 151 53
200 18253755 299 236 270
200 301512776 48 57 311
200 572234209 149 114 144
200 466253654 230 35 449
200 23755831 59 100 178
200 341025748 292 121 111
200 610203709 293 238 136
200 534289730 232 41 79
300 128294728
200 594587327 159 176 138
200 188678716 0 289 239
200 260116229 65 78 496
200 876585706 130 243 113
200 81859195 163 160 90
200 557338120 56 73 175
400 280 241 0
300 26468626
200 644270870 286 135 29
200 477881079 283 280 22
200 35656084 116 81 147
300 352467718
200 129876443 143 280 298
300 410089834
200 650835006 266 19 165
300 907500084
200 29576493 261 78 156
200 626906226 222 123 357
200 971920867 251 168 2
200 594591696 244 137 207
200 537835849 277 58 304
200 977477406 162 299 109
200 10889439 291 208 438
200 851704284 88 217 15
300 39250292
200 163802435 39 112 250
300 500623028
300 933877458
300 940616640
200 332676802 30 187 61
200 643574515 155 132 226
300 871023898
300 208404812
300 618939152
300 898545154
200 176561816 16 133 399
300 530835116
200 560142575 259 244 78
200 336580524 66 175 201
200 983632467 299 288 430
300 169447434
200 245964438 10 287 485
200 524666999 115 176 454
200 98732820 110 151 389
300 746737572
200 797956713 65 198 12
200 734454206 154 287 305
200 651017983 31 88 162
200 953723772 192 193 459
200 256262469 145 222 280
300 439783708
200 751675216 206 119 41
200 145783431 63 68 30
200 421894884 192 165 107
200 760777997 173 154 180
200 118680274 106 131 17
200 582986435 99 208 230
200 115041584 180 201 267
300 54974584
200 99398631 123 296 54
200 369247940 88 161 427
200 908362093 97 286 260
200 140636082 70 235 401
200 371241507 59 60 366
400 163 48 320
400 130 135 262
200 215820066 186 211 197
200 941568467 11 264 230
200 311671808 16 25 215
200 516897977 177 94 184
200 171771086 294 187 13
200 573408719 127 204 198
200 85499660 8 185 299
200 383825557 137 294 256
200 671673914 218 43 213
200 106333323 287 24 166
300 774791158
200 776859054 250 111 305
200 278135599 179 268 78
200 539459308 8 65 243
200 608374517 89 266 120
200 900922650 34 247 181
200 384503787 275 160 230
300 384923684
300 485964238
200 606234708 200 109 303
200 796861117 129 270 476
200 403576258 224 77 275
200 333417153 205 290 52
300 67918986
300 791401788
200 728592690 46 15 113
200 538409379 203 152 38
200 39461520 84 157 339
200 9860873 53 238 72
300 868739310
400 167 128 352
300 165327154
200 207905101 73 246 420
200 834610706 210 83 445
300 426855668
200 564845137 157 286 224
200 600391174 294 283 317
300 411428972
200 247478293 17 210 448
300 5918698
200 314636128 124 281 307
200 318193817 117 118 212
300 549778614
200 787148276 60 101 131
200 90481117 1 110 56
200 669793890 234 3 469
200 255057427 91 288 218
200 926074688 64 153 499
200 730079481 9 70 192
200 75205134 158 295 61
200 707951631 283 168 426
200 947613260 212 89 343
400 176 177 190
200 556309444 296 109 31
200 494644845 157 58 116
200 857573042 30 143 341
300 28656198
300 626686938
300 753596932
300 422404772
200 542703227 31 124 410
200 433957896 184 169 191
400 204 201 206
200 721111808 288 117 415
200 125746105 117 82 8
200 143638990 22 43 89
400 278 159 236
200 4485510 286 7 181
200 502350247 167 168 354
200 92305796 248 181 443
200 960210733 73 138 392
200 123484274 274 243 221
200 100210147 103 88 190
200 95654864 270 19 209
200 779769095 219 108 470
200 58755428 96 169 231
200 379019661 21 294 244
200 652891986 174 143 385
200 16854339 191 60 114
300 585085434
300 746998610
200 585764300 16 5 483
200 142116437 217 298 328
200 476216570 14 231 17
200 803300939 99 112 458
200 497993368 64 245 71
200 243701489 117 190 412
200 641164838 146 79 441
200 948926407 127 244 206
300 489572380
200 189656026 102 51 445
300 903680294
200 905744185 189 150 348
200 873109838 62 191 341
300 431547760
200 243751037 189 234 40
300 375111682
300 55607978
300 737139774
200 885300484 208 213 311
300 618314922
200 477143819 139 252 310
400 243 136 -1
300 142184552
300 107006638
300 601755122
200 59819229 289 138 104
200 625513826 262 191 21
200 497850643 7 68 2
200 965695040 176 37 179
200 852112377 33 94 484
200 606133006 230 75 169
200 424112399 171 240 410
200 524973900 20 181 19
200 394678741 105 190 88
200 219876986 258 123 497
200 23030219 79 248 166
300 539459308
200 355263470 198 247 25
200 545558127 135 112 234
200 578647852 268 265 51
200 48857141 245 114 256
200 433732954 274 111 273
300 537667072
200 137009337 45 6 348
200 892263630 202 195 161
200 943788495 267 36 154
200 433265932 12 37 191
200 952155285 197 46 288
200 35281978 18 119 421
200 292403851 11 192 446
300 63059746
300 880820712
200 84177524 40 149 79
200 374639709 177 66 364
200 668469986 30 11 37
300 29576493
200 218205281 113 142 488
200 128873942 250 235 345
300 240580720
200 678077221 37 114 132
200 385797258 266 55 181
200 573059995 63 72 90
300 26741734
200 177685758 154 207 217
200 94332223 71 44 102
200 365906108 52 137 143
200 931379589 9 198 220
300 41411476
200 155041936 8 61 143
200 121838857 117 138 340
200 346307550 202 91 201
300 4472892
200 150297933 85 186 344
200 776112658 38 299 313
300 402552800
200 153862225 1 50 376
200 875564038 62 143 425
200 648272935 247 88 278
300 16854339
200 908001722 130 259 221
200 333645835 159 272 58
200 632653656 220 9 235
300 242255194
200 866201263 95 284 146
200 168221804 86 71 441
200 89557523 175 248 458
200 277341504 200 221 115
300 722431546
200 731673143 151 104 82
200 515448788 100 273 311
300 725656550
400 66 247 132
200 61864258 178 163 209
300 870796428
200 415730241 185 274 296
200 218802742 86 239 221
400 14 127 121
200 277015278 198 11 141
200 486291823 27 280 14
200 115581484 100 81 211
200 989042485 229 158 76
200 878015578 190 163 485
300 148882430
200 503477689 253 138 100
300 156478322
200 744590740 0 277 139
200 373621501 277 98 476
300 512686576
200 806571496 20 261 107
200 109803265 145 14 60
200 947210742 222 91 441
200 791756887 7 256 198
200 244652916 170 203 465
300 146866122
200 886493001 157 270 464
200 57555742 174 223 149
300 301924482
200 493168525 191 96 250
200 22983864 12 249 315
200 859666065 285 146 296
200 334133574 52 153 235
200 165421141 241 10 92
200 91169018 130 111 181
200 817273931 35 0 22
200 34724504 256 85 27
200 846494961 133 210 80
300 564324988
200 487508908 144 133 55
400 196 249 180
200 845038884 116 121 163
200 950878285 197 174 424
300 806571496
200 86522488 214 191 361
400 26 139 175
300 55477444
200 252396940 16 229 19
200 609501461 213 10 364
300 267288074
300 216083444
200 821700470 270 163 293
200 274275287 195 64 430
200 23576820 280 21 371
200 110248157 213 38 52
300 596484148
300 573144254
200 773791390 286 39 301
200 728631903 171 4 146
200 686522204 172 25 439
200 718571429 5 186 72
200 654196490 68 133 235
200 460684073 257 94 40
200 333014398 58 67 65
200 179783103 139 232 154
300 312246972
200 95964082 126 239 469
300 889131660
200 920352369 169 98 212
200 818718630 6 275 85
200 779176263 219 132 18
200 419225252 44 69 431
200 175223245 33 90 88
200 623291538 294 55 25
200 827170691 219 224 62
200 221077232 22 235 141
200 45867687 159 144 242
300 500799656
300 799652898
200 106979808 32 133 279
200 924435225 297 206 64
300 898471986
200 409401972 22 147 169
200 380801083 19 80 478
200 557925576 72 269 487
200 136063073 261 142 160
300 404326098
300 446055026
200 697867346 190 211 433
200 217030211 211 148 190
200 617077936 48 17 335
300 794706336
200 750888295 103 16 214
200 472633924 206 147 189
200 429078347 227 124 202
300 480344334
200 969700718 26 263 337
200 22769647 91 172 418
200 28609196 68 145 175
200 837606325 249 118 456
300 189792732
200 77034880 220 21 403
300 681895096
200 900983 199 280 78
200 704669204 164 269 255
300 320109234
200 421249115 271 244 166
200 883744360 104 109 351
200 623873409 185 182 392
200 196117622 298 91 33
200 826583 55 136 178
200 52928500 244 53 47
200 654468061 185 298 392
200 224420962 42 127 117
200 98486803 243 288 470
200 937938240 108 205 227
200 67740409 81 198 136
200 831366670 210 123 61
200 459483151 255 160 62
300 255057427
200 577297730 230 239 77
200 450490227 39 48 82
200 112856352 104 89 123
300 778113466
200 518314391 207 176 166
200 393003444 80 105 223
200 537349277 73 126 372
200 707203106 26 47 405
200 274403027 127 144 70
200 850495232 172 297 19
200 375771577 41 94 312
200 441676238 86 75 53
200 209411279 275 216 130
300 652891986
300 484862988
300 352721612
300 90852228
200 254708100 212 169 495
200 127639341 269 82 360
200 781461618 258 211 317
200 87256547 235 248 2
200 616484816 40 245 39
300 499170292
200 512472839 235 68 18
200 65471844 218 79 301
200 198429931 79 260 310
200 688231096 166 187 29
200 851543951 115 60 202
200 775279564 104 197 487
300 590539026
200 533826803 47 208 422
200 589389472 40 57 367
300 704447518
200 468502807 75 188 50
200 987752244 76 205 291
200 214968349 237 186 308
200 338167202 14 143 161
200 913271891 299 208 22
200 150116480 56 201 439
200 731962169 261 274 484
200 32893774 162 15 157
200 546337359 115 24 402
300 84177524
200 448063618 134 31 373
200 92881151 223 252 418
200 242998140 260 297 23
200 250977605 1 158 160
200 103821354 258 103 317
200 24811707 15 224 294
200 768559944 8 209 439
300 650246650
200 809113183 199 80 446
300 175262132
300 79712136
300 37202590
300 125244880
200 644903636 76 137 315
300 514014128
200 642579483 83 128 466
200 61419304 216 129 143
300 46579646
200 920380863 123 152 142
300 980580642
200 919304626 178 23 149
200 504796195 299 244 158
200 952734992 44 141 451
200 259230089 253 222 436
200 478147678 244 73 411
300 762982674
200 330287915 79 52 258
200 52154360 28 249 59
200 622828753 293 110 372
200 495102598 146 19 193
200 897513639 151 284 270
200 200452228 108 165 167
200 631884845 97 206 236
300 345315960
200 483431896 232 137 223
200 783926065 257 30 452
200 73977702 202 279 153
200 19893255 191 124 330
200 193714788 86 215 9
200 590983659 47 112 334
200 587399608 228 33 455
200 363239825 101 210 384
200 428008518 38 263 17
200 522552679 67 160 298
300 4817126
200 690767354 294 227 453
300 948788330
300 373621501
200 663753751 195 292 278
200 417383988 204 113 411
200 891453725 273 18 288
200 411131042 242 63 273
200 389097299 7 120 226
200 783558528 264 181 199
200 167243321 57 238 332
200 682114126 54 271 257
200 706977103 163 228 358
200 611517068 124 77 147
200 211386389 113 130 364
200 770642874 254 123 429
400 50 51 151
200 143062770 74 207 337
200 557611619 195 116 114
200 763790928 144 69 331
200 145382857 9 102 76
300 307808186
200 144924644 90 95 141
200 66830187 111 204 130
300 829213400
200 83801102 42 103 393
200 390299151 175 92 418
200 75374156 216 109 243
200 197929685 133 26 20
200 420847994 282 99 49
200 67582667 207 228 26
200 928751384 152 293 455
300 563356456
200 273868143 223 48 174
300 831070366
300 626906226
200 584252424 48 137 347
200 693171361 125 286 316
200 705954582 194 247 473
300 91606376
300 189656026
200 7620227 47 92 26
200 369970160 144 117 87
200 33322217 129 90 168
300 826260292
300 411131042
300 784097874
300 254686306
200 491040758 18 195 425
200 754950743 7 148 122
300 774008142
200 520394922 222 299 261
200 682467643 139 32 174
200 937185736 108 49 415
200 867582305 281 214 308
200 646794454 174 255 253
200 407634871 291 92 438
200 727712084 252 197 451
200 818897341 109 22 320
300 421894884
200 136358824 68 197 175
300 577755098
300 678077221
200 646754797 253 46 236
200 487363122 94 131 413
200 894064291 87 184 230
300 383588946
200 757518374 30 27 357
200 600895431 207 280 434
200 773557028 36 173 143
200 801426509 253 254 440
200 333970706 142 35 77
200 344051203 15 32 426
200 472937328 164 165 107
200 707687017 193 110 132
200 374413758 158 35 385
200 561846015 283 252 210
200 492872572 156 221 159
300 327476862
300 525213010
200 838152113 81 74 36
200 16441318 290 95 77
200 809030279 215 44 174
200 895652580 124 133 471
300 413760426
300 333645835
200 789227001 209 250 144
200 294389006 186 19 25
200 966816527 15 20 382
200 521138508 188 205 7
200 159329749 253 194 316
200 70263418 156 117 55
200 423460953 149 98 32
200 594873838 150 111 449
200 32228975 23 160 314
300 816064498
200 333963042 204 125 67
200 86760865 69 214 260
300 222859950
300 175223245
200 204853906 198 255 449
200 568822659 251 244 162
200 406493936 244 185 467
300 870957852
300 56186284
200 75550357 281 14 432
300 850919442
200 26858464 60 193 187
200 881594137 273 210 444
200 103504814 10 119 1
300 433811044
200 98735197 173 126 44
300 223328252
200 340263112 240 221 135
200 295105633 209 222 204
200 248850902 150 147 49
300 390252524
300 81859195
200 525699651 91 232 398
300 623873409
200 752254022 106 275 253
200 236886887 155 256 10
200 674595908 116 97 483
200 628298989 81 242 276
200 610595634 110 227 369
300 168825654
200 866387441 227 164 282
200 38321324 20 1 147
200 6561205 21 142 200
300 614966166
200 67847552 212 213 123
200 42945081 201 258 244
200 424364622 122 139 53
300 483424415
200 657313149 65 66 432
200 415277954 142 135 41
200 660666035 291 168 38
400 251 192 260
200 26337291 91 60 294
300 545558127
300 608374517
200 207218164 124 197 15
300 153653566
400 254 287 226
200 123663970 214 111 377
200 229567507 279 204 106
300 119131694
300 917538326
200 358087260 188 85 407
300 276102476
200 493340611 201 10 52
200 218588614 270 179 261
200 537499367 75 276 82
200 834428356 104 25 395
300 688231096
200 142976715 299 164 246
200 177044760 80 109 203
200 807286129 53 230 388
300 872458912
200 105623596 164 217 27
300 340263112
200 781318867 163 124 298
200 143456512 24 225 487
200 14111673 21 162 244
200 822526926 222 159 325
200 22888143 43 80 342
200 60230668 260 49 83
200 492491157 189 146 96
200 96034106 30 163 9
200 201207179 147 76 354
200 122736344 104 209 111
200 95657009 153 230 256
300 374030148
200 93154284 224 201 347
200 273407989 237 290 392
200 642182170 278 143 237
200 415774955 119 268 114
200 624826552 92 201 195
200 820390033 41 250 340
200 764549446 54 175 213
200 44901991 155 44 230
300 196545474
300 65471844
200 895930528 148 201 71
200 562570969 161 14 324
200 199268462 198 235 337
200 23395567 275 264 138
200 659899820 64 209 159
200 26990261 225 166 220
200 348627930 62 263 41
200 707780523 19 128 290
200 278320248 204 101 335
200 228123985 89 222 228
200 966384902 44 105 411
300 846494961
200 107308979 275 164 194
300 845038884
200 681906550 2 207 81
300 240654508
200 46704965 105 262 184
200 114953258 66 127 185
200 272186043 139 48 50
300 374665026
200 266061982 62 235 117
200 865583711 139 180 274
300 491040758
300 807545218
200 626427448 230 223 469
200 221118223 27 196 306
200 702312268 42 239 441
200 73550963 83 16 14
200 95232544 192 133 163
300 922007884
200 384782487 211 144 254
200 53315764 278 159 177
200 385481595 55 64 106
200 75120392 136 9 319
400 260 253 0
200 34296320 268 41 335
200 645790393 277 114 148
300 105623596
200 663023764 252 169 343
300 324305392
300 537835849
300 259230089
200 865412263 127 8 226
200 140873860 20 149 199
300 95654864
300 61419304
300 44666902
400 142 207 106
200 18283950 138 171 485
200 541765935 251 164 102
200 765392108 72 237 139
200 686435573 193 250 96
200 804594458 250 75 93
200 962469355 163 32 22
200 336641464 194 291 325
200 340759695 287 172 278
200 416171212 128 9 419
200 569142101 1 62 228
200 62254074 274 151 445
200 351983947 203 100 350
200 806825368 12 201 467
200 358556145 9 282 56
300 363707508
300 257562778
200 765718178 234 23 121
300 85697230
200 461203233 173 258 100
200 633635222 174 63 261
200 582727543 39 92 66
200 434544660 48 81 119
200 865538941 69 218 216
200 797331842 182 251 213
200 460025011 31 40 26
200 247958880 296 13 419
200 354301081 177 30 324
200 995571502 262 103 421
200 32933551 247 280 170
200 219993196 40 37 379
300 256262469
200 204235283 195 80 230
200 775707968 276 17 447
200 285007609 249 258 492
200 632344590 114 247 369
200 362031631 235 180 2
200 900850764 84 189 255
300 971920867
400 50 95 106
200 1525626 298 223 9
300 35293280
200 515914073 21 170 484
200 279126766 194 283 337
200 818857839 231 20 134
200 65482284 148 101 59
200 46640949 293 138 148
300 510012098
200 277537024 140 181 295
400 180 265 68
300 448401938
200 58394574 74 7 197
300 75120392
300 797956713
200 822792155 11 152 422
200 686081512 180 133 315
200 842338049 65 86 20
200 641289206 14 215 121
200 925421143 123 284 278
200 691278708 48 245 379
300 34296320
200 382668091 107 48 178
200 211305416 8 133 235
300 177044760
200 207039711 187 244 418
200 78428124 8 109 71
200 749220901 245 218 372
300 987410550
200 775633840 84 261 75
300 357969260
200 441676391 287 44 266
200 647080772 192 17 363
300 369970160
200 72395339 127 92 494
200 302259352 236 105 339
300 450801766
200 179248367 55 168 426
200 273466284 124 249 395
200 429893301 217 262 128
200 769869786 270 107 205
200 305323947 283 48 214
200 788588664 208 1 463
200 952931665 205 102 316
300 260842860
200 145046924 108 257 179
200 673812245 37 246 152
200 846898874 282 175 297
200 131300107 95 32 78
200 962129496 184 285 19
200 129118641 229 182 428
200 394006502 62 199 493
200 85786247 107 200 382
300 633429914
200 40564122 58 51 105
200 696941675 215 180 226
300 695620568
300 382444038
200 61727444 254 19 289
200 62477339 263 124 78
200 428282664 296 269 499
300 369247940
200 496592831 27 12 490
200 759756092 90 15 13
300 272186043
200 264099953 73 278 448
200 557230502 294 167 337
200 133617479 281 146 404
300 559870478
300 549139226
200 803096086 82 123 209
300 30507114
300 72496574
200 329690499 87 224 366
200 487053040 24 137 195
200 83699689 73 134 412
200 35543358 286 163 313
400 214 15 147
300 505777908
300 478147678
200 902004594 58 87 29
300 110248157
200 649688369 109 230 96
200 872481638 142 275 369
200 341954055 297 162 216
200 597711642 222 27 165
200 647858667 291 116 222
200 624925624 160 285 139
200 57101201 133 170 92
200 538449990 134 123 249
200 346081127 169 162 464
300 389097299
200 523566496 120 169 467
200 558948313 233 94 468
300 749220901
300 99398631
200 585689450 190 123 309
200 435164411 39 228 170
200 934414472 220 41 171
200 795055905 213 266 228
200 174837654 254 175 361
300 172168374
200 131590117 57 162 28
200 241900106 290 215 105
200 662528603 215 32 294
200 852383336 0 153 459
200 350823809 185 198 104
300 126082150
200 31694460 152 173 143
300 795055905
200 559780451 15 52 482
200 511060560 124 17 47
200 435909749 245 190 248
300 604047402
200 526140736 132 173 247
200 539297017 73 94 28
200 780969998 106 59 13
200 402948111 23 36 230
200 876686412 288 137 55
200 164773077 77 174 392
200 664267642 190 299 177
200 669179083 255 252 302
200 635175704 52 109 287
300 934414472
200 639769967 3 68 46
200 129833004 196 89 363
200 307882805 265 262 208
200 631530586 150 99 49
400 218 91 100
200 921861010 286 3 9
200 880486531 243 256 274
200 222373360 132 141 371
200 266140393 293 162 68
200 70309438 250 211 385
200 772577675 185 110 244
200 36653230 282 267 13
200 702460463 83 288 86
200 925577708 104 101 415
200 31583221 233 150 424
200 839029274 258 239 117
200 102199019 163 224 102
200 664523960 116 217 19
200 364297873 197 38 336
200 677281606 134 35 441
200 559895143 67 120 254
200 152641348 4 45 263
200 977732589 5 250 264
300 88008270
300 346492444
200 990767726 14 191 221
300 142116437
200 470368285 189 202 220
200 535294882 138 179 149
200 778571347 99 128 46
200 672075904 96 57 323
300 750082270
200 949805687 239 88 374
200 760804116 272 73 151
300 495188376
200 7776603 39 160 346
200 915441000 114 15 37
200 638804735 7 140 466
300 409834098
200 247245810 102 243 217
200 123126627 95 172 2
200 407959888 176 121 51
200 858287305 293 246 376
200 700717726 166 175 465
200 263548511 59 176 474
200 287681372 288 33 279
200 338189221 57 2 36
300 41783792
300 273910556
300 706175742
300 98281614
200 238775362 30 23 165
200 785960051 163 276 486
400 79 216 105
300 357475886
400 180 153 122
200 118419992 208 229 295
200 304936049 129 22 40
200 480751014 282 287 97
200 95874375 135 288 290
200 701254308 16 245 71
200 351309773 65 70 396
200 762076306 278 115 389
200 750153091 23 212 250
200 951140080 268 105 403
200 659424233 225 62 376
200 267708222 60 33 415
200 141878317 85 174 84
300 470368285
200 536167384 124 189 263
300 994252616
400 290 287 107
200 116393830 182 247 373
200 529340935 131 32 234
200 746115684 8 57 239
200 429240973 233 238 284
200 244941394 18 223 437
200 81161283 259 108 126
200 783741616 146 259 361
200 740941159 67 140 266
200 957286468 196 213 215
300 86522488
200 42288459 15 256 486
300 128873942
200 655407982 54 167 209
400 230 183 107